id,local_id,user_id,name,folder_id,network,created_at,updated_at
"1","0yc6cr-2020-11-24T14:19:14.217Z","4820","Inner Folder","syi4go-2020-11-24T14:19:04.439Z",,"2020-11-25 14:40:19.550814","2020-11-25 14:40:19.550814"
"3688","exsoo-2024-12-13T10:18:04.569Z","557","Music board",,,"2024-12-13 10:18:04.974543","2024-12-13 10:18:04.974543"
"2062","ucllx-2022-05-14T18:23:53.877Z","17182","Mission",,,"2022-08-05 03:38:19.83865","2022-08-05 03:38:19.83865"
"7","3l1voi-2020-11-25T15:44:33.157Z","4820","Mondays","4",,"2020-11-25 15:44:33.64396","2020-11-25 15:44:33.64396"
"8","uobejj-2020-11-25T16:14:03.883Z","4820","Tuesdays","4",,"2020-11-25 16:14:04.471869","2020-11-25 16:14:04.471869"
"2441","86q9jt-2022-07-03T20:24:16.433Z","18790","Posts",,,"2022-11-27 22:06:15.869278","2022-11-27 22:06:15.869278"
"10","3xtyt-2020-11-25T16:18:01.050Z","4820","Wednesdays","4",,"2020-11-25 16:18:01.325224","2020-11-25 16:18:01.325224"
"11","33a99u-2020-11-25T16:45:47.861Z","4820","Thursdays","4",,"2020-11-25 16:45:49.516385","2020-11-25 16:45:49.516385"
"91","5ogry8-2020-12-22T07:30:55.392Z","8041","Pendulum",,,"2020-12-22 07:30:55.932388","2020-12-22 07:30:55.932388"
"12","qrrslr-2020-11-25T16:47:09.042Z","4820","Fridays","4",,"2020-11-25 16:47:09.497111","2020-11-25 16:47:09.497111"
"13","dyvlc-2020-11-25T16:47:14.840Z","4820","Saturdays","4",,"2020-11-25 16:47:15.14229","2020-11-25 16:47:15.14229"
"14","x0skjx-2020-11-25T16:47:20.215Z","4820","Sundays","4",,"2020-11-25 16:47:20.547935","2020-11-25 16:47:20.547935"
"93","k4e4a9-2020-12-22T23:14:35.243Z","886","Fitness",,,"2020-12-22 23:14:36.141609","2020-12-22 23:14:36.141609"
"4","uvonk-2020-11-25T14:44:27.789Z","4820","Weekdays",,,"2020-11-25 14:44:28.089689","2020-12-06 13:49:50.95154"
"29","h845o8-2020-12-04T20:54:28.780Z","4820","Pinterest",,"pinterest","2020-12-04 20:54:29.28035","2021-02-15 21:42:54.141761"
"27","eaqlg-2020-12-04T20:54:18.678Z","4820","Pinterest",,"pinterest","2020-12-04 20:54:18.953969","2021-02-15 22:16:14.233967"
"92","860ito-2020-12-22T16:39:29.118Z","886","Next Post",,"instagram","2020-12-22 16:39:29.821788","2021-02-22 19:07:22.80692"
"94","ea2fv7-2020-12-23T06:43:31.660Z","557","Social Media Bios ",,,"2020-12-23 06:43:32.127796","2020-12-23 06:43:32.127796"
"28","erxiz7-2020-12-04T20:54:23.936Z","4820","TikTok",,"tiktok","2020-12-04 20:54:24.42984","2021-02-15 21:07:26.996676"
"25","n922r9-2020-12-04T20:54:07.894Z","4820","Clubhouse",,"clubhouse","2020-12-04 20:54:08.471405","2021-02-15 21:13:14.82182"
"31","w35d26-2020-12-06T14:41:31.789Z","282","Templates",,,"2020-12-06 14:41:32.292596","2020-12-06 14:41:32.292596"
"67","xgeqsm-2020-12-10T10:00:38.372Z","7620","Egg Fast",,,"2020-12-10 10:00:38.945833","2020-12-10 10:00:38.945833"
"68","b2ujzw-2020-12-10T10:00:57.162Z","7620","Breakfast",,,"2020-12-10 10:00:57.682749","2020-12-10 10:00:57.682749"
"69","carl5g-2020-12-10T10:39:33.806Z","7727","TRTB",,,"2020-12-10 10:39:34.194646","2020-12-10 10:39:34.194646"
"70","hrdssu-2020-12-10T10:39:42.393Z","7727","CWC",,,"2020-12-10 10:39:42.687209","2020-12-10 10:39:42.687209"
"71","ppbiwi-2020-12-10T17:51:25.942Z","7620","Lunch",,,"2020-12-10 17:51:26.18833","2020-12-10 17:51:26.18833"
"72","rij6u9-2020-12-10T17:51:41.181Z","7620","Brunch",,,"2020-12-10 17:51:41.447536","2020-12-10 17:51:41.447536"
"73","3tgyp7-2020-12-10T17:51:47.024Z","7620","Dinner",,,"2020-12-10 17:51:47.269181","2020-12-10 17:51:47.269181"
"74","cx5qv7j-2020-12-10T17:51:53.248Z","7620","Self Love",,,"2020-12-10 17:51:53.769313","2020-12-10 17:51:53.769313"
"75","d9801i-2020-12-11T12:06:00.881Z","3171","Promotion",,,"2020-12-11 12:06:01.397325","2020-12-11 12:06:01.397325"
"77","9a85ba-2020-12-11T23:40:38.788Z","49","اختصارات شات سناب",,,"2020-12-11 23:40:39.516151","2020-12-11 23:40:39.516151"
"78","y9gop5-2020-12-11T23:55:40.950Z","49","توضيحات واتس",,,"2020-12-11 23:55:42.034964","2020-12-11 23:55:42.034964"
"79","izzroj-2020-12-12T05:29:22.928Z","9181","FolsomPrint",,,"2020-12-12 05:31:03.509111","2020-12-12 05:31:03.509111"
"84","ba68qn-2020-12-19T17:14:35.258Z","2370","Captions",,,"2020-12-19 17:14:35.701865","2020-12-19 17:14:35.701865"
"80","6bgu4n-2020-12-12T06:32:13.216Z","9181","Others samples ",,,"2020-12-12 06:32:13.69151","2020-12-20 16:11:33.915951"
"85","nuuowh-2020-12-20T16:46:02.334Z","9288","Tye Feralous Joyrney",,,"2020-12-20 17:03:08.969592","2020-12-20 17:03:08.969592"
"86","oak14d-2020-12-20T23:00:35.446Z","8996","Used ",,,"2020-12-20 23:00:36.06674","2020-12-20 23:00:36.06674"
"87","d7kiac-2020-12-20T23:02:34.875Z","8996","Insta Bio",,,"2020-12-20 23:02:35.496829","2020-12-20 23:02:35.496829"
"89","ugy3do-2020-12-20T23:34:03.847Z","9302","Quotes",,,"2020-12-21 20:22:44.946581","2020-12-21 20:22:44.946581"
"90","i0t0jh-2020-12-15T03:39:46.049Z","9302","Random",,,"2020-12-21 20:22:44.957556","2020-12-21 20:22:44.957556"
"96","4fn7i-2020-12-23T09:16:14.805Z","9302","IGTV / Reels",,,"2020-12-23 09:16:15.122747","2020-12-23 09:16:15.122747"
"98","rqwn4p-2020-12-25T12:59:03.072Z","7727","Scriptures","69",,"2020-12-25 12:59:04.406898","2020-12-25 13:58:07.748643"
"34","m8b9g-2020-12-07T22:09:30.505Z","307","BAM",,"instagram","2020-12-07 22:09:31.051862","2022-03-10 23:08:33.923185"
"102","neq13j-2020-12-26T12:21:51.897Z","3663","Magazine",,,"2020-12-26 12:21:52.235728","2020-12-26 12:21:52.235728"
"104","kxskm-2020-12-27T10:03:36.619Z","9350","La Cabane à Pullip",,,"2020-12-27 10:03:37.191674","2020-12-27 10:04:06.392397"
"105","juiy8-2020-12-27T13:52:02.066Z","9350","Senchalab",,,"2020-12-27 13:52:02.670009","2020-12-27 13:52:02.670009"
"106","mkpu5r-2020-12-27T15:02:54.155Z","3663","Labyrinth",,,"2020-12-27 15:02:55.737698","2020-12-27 15:02:55.737698"
"107","tz15ck-2020-12-27T17:09:27.661Z","9367","Giveaway",,,"2020-12-27 17:09:27.917899","2020-12-27 17:09:27.917899"
"108","0ya3t4-2020-12-27T20:24:53.704Z","9369","Wildlife Hashtags",,,"2020-12-27 20:24:53.984708","2020-12-27 20:24:53.984708"
"109","538r1-2020-12-27T20:28:39.397Z","9369","Lamdscape",,,"2020-12-27 20:28:39.98561","2020-12-27 20:36:28.508274"
"110","voswjr-2020-12-29T22:41:06.613Z","9407","Starters",,,"2020-12-29 23:12:38.947545","2020-12-29 23:12:38.947545"
"111","z7gtib-2020-12-30T00:00:55.828Z","9407","Call-to-Action",,,"2020-12-30 00:00:56.760547","2020-12-30 00:00:56.760547"
"112","rzvmy6-2020-12-30T00:05:40.280Z","9302","YouTube",,,"2020-12-30 00:05:40.628508","2020-12-30 00:05:40.628508"
"113","6o8cxe-2020-12-30T00:27:18.945Z","9407","End Of Year",,,"2020-12-30 00:27:20.406167","2020-12-30 00:27:20.406167"
"114","n4bb2-2020-12-30T00:39:09.779Z","9407","End Of Year Questions",,,"2020-12-30 00:39:11.301398","2020-12-30 00:39:11.301398"
"115","umc6p9-2020-12-30T00:44:25.089Z","9407","End Of The Year Favorites",,,"2020-12-30 00:44:26.397632","2020-12-30 00:44:26.397632"
"116","w1l6u3-2020-12-30T00:47:36.637Z","9407","End Of Year Quotes",,,"2020-12-30 00:47:37.895929","2020-12-30 00:47:37.895929"
"117","gyrs0u-2020-12-30T01:18:24.243Z","9407","Christmas",,,"2020-12-30 01:18:26.467718","2020-12-30 01:18:26.467718"
"118","3lq5h-2020-12-30T01:29:02.261Z","9407","Christmas Gift",,,"2020-12-30 01:29:03.519044","2020-12-30 01:29:03.519044"
"119","wvgiy-2020-12-30T01:34:03.318Z","9407","Christmas Questions",,,"2020-12-30 01:34:04.539016","2020-12-30 01:34:04.539016"
"120","phllg-2020-12-30T01:38:58.460Z","9407","Christmas Quotes",,,"2020-12-30 01:38:59.611438","2020-12-30 01:38:59.611438"
"121","cqo5ia-2020-12-30T01:44:02.474Z","9407","Christmas Tree",,,"2020-12-30 01:44:03.682966","2020-12-30 01:44:03.682966"
"122","oz215q-2020-12-30T01:48:18.392Z","9407","Christmas Friends",,,"2020-12-30 01:48:19.62945","2020-12-30 01:48:19.62945"
"123","m6zxq6-2020-12-30T02:19:31.930Z","9407","Popular Sayings",,,"2020-12-30 02:19:33.145294","2020-12-30 02:19:33.145294"
"390","txqacf-2021-03-10T17:35:34.160Z","10723","Cheer",,"instagram","2021-03-10 17:35:34.914565","2021-03-10 17:35:34.914565"
"391","jwat7dm-2021-03-10T18:29:00.444Z","10728","Shanty Bo",,"instagram","2021-03-10 18:32:24.857698","2021-03-10 18:32:24.857698"
"647","adrhvu-2021-05-16T08:22:59.644Z","11872","Makeover_by_khushbu_pahuja",,"instagram","2021-05-16 08:23:02.057311","2021-05-16 08:39:56.265051"
"648","f74up-2021-05-16T08:43:20.326Z","11873","@mskaayla",,"instagram","2021-05-16 08:43:21.016564","2021-05-16 08:43:21.016564"
"1197","rcoci-2021-10-25T06:53:44.123Z","10012","Nails",,,"2021-10-25 06:53:44.862909","2021-10-25 06:53:44.862909"
"1198","0wgc6-2021-10-25T06:55:24.410Z","10012","Skincare Retail",,,"2021-10-25 06:55:25.002207","2021-10-25 06:55:25.002207"
"82","7vntwor-2020-12-18T18:25:01.203Z","7833","BrowBro",,,"2020-12-18 18:25:01.435536","2022-04-18 15:58:10.804101"
"124","s6b4p7-2020-12-30T02:55:46.064Z","9407","Personal",,,"2020-12-30 02:55:47.235798","2020-12-30 02:59:58.019703"
"125","r8oc3c-2020-12-30T03:23:52.662Z","9407","Used Captions",,,"2020-12-30 03:23:53.956793","2020-12-30 03:23:53.956793"
"126","y3fltp-2020-12-30T04:13:57.995Z","9407","Used Facebook Captions",,,"2020-12-30 04:13:59.282501","2020-12-30 04:14:28.262652"
"127","3gtc37-2020-12-27T04:23:04.066Z","9413","Future Instagram Posts",,,"2020-12-30 04:23:50.971108","2020-12-30 04:23:50.971108"
"128","cfbzw8-2020-12-30T04:59:05.452Z","9407","Get Comments",,,"2020-12-30 04:59:05.772152","2020-12-30 05:01:15.824113"
"129","dozs2-2020-12-30T05:45:52.452Z","9407","Service-Based Business",,,"2020-12-30 05:45:53.751913","2020-12-30 05:49:08.586914"
"130","k7p7dv-2020-12-30T05:53:48.652Z","9407","Shop",,,"2020-12-30 05:53:49.504197","2020-12-30 05:55:02.844107"
"131","lx1oqd-2020-12-30T05:57:38.246Z","9407","Carousel",,,"2020-12-30 05:57:39.615224","2020-12-30 05:58:33.600242"
"132","bs3qfk-2020-12-30T06:09:20.930Z","9407","Tag",,,"2020-12-30 06:09:22.226401","2020-12-30 06:10:02.401335"
"133","dyf9hn-2020-12-30T06:12:16.497Z","9407","Save This Post",,,"2020-12-30 06:12:17.883537","2020-12-30 06:13:22.044503"
"134","v0qf5f-2020-12-30T06:15:23.101Z","9407","Share This Post",,,"2020-12-30 06:15:24.361116","2020-12-30 06:16:30.988556"
"135","8j0jv-2020-12-30T06:19:14.046Z","9407","Link In Bio",,,"2020-12-30 06:19:15.487921","2020-12-30 06:20:54.72689"
"136","8o2x6g-2020-12-30T06:22:55.751Z","9407","Email Subscription",,,"2020-12-30 06:22:57.187586","2020-12-30 06:23:55.081838"
"137","abid3-2020-12-30T06:28:29.693Z","9407","Freebie",,,"2020-12-30 06:28:31.073661","2020-12-30 06:29:31.782871"
"138","2iskxq-2020-12-30T06:31:47.680Z","9407","New Blog Post",,,"2020-12-30 06:31:49.157208","2020-12-30 06:32:45.927716"
"139","vf6k7w-2020-12-30T06:34:56.183Z","9407","Sale",,,"2020-12-30 06:34:57.639132","2020-12-30 06:36:05.663647"
"140","bz48nc-2020-12-30T06:40:15.177Z","9407","Urgency",,,"2020-12-30 06:40:16.530685","2020-12-30 06:42:17.934619"
"142","xb23gr-2020-12-30T07:15:46.479Z","9365","Instagram DMs",,,"2020-12-30 07:15:46.97423","2020-12-30 07:15:46.97423"
"143","1loy7g-2020-12-30T07:16:07.652Z","9365","Post Captions",,,"2020-12-30 07:16:07.904067","2020-12-30 07:16:07.904067"
"144","f5pp0o-2020-12-30T07:16:41.756Z","9365","Links",,,"2020-12-30 07:16:42.241408","2020-12-30 07:16:42.241408"
"146","njogx6-2020-12-31T11:25:43.248Z","7727","One Liners",,,"2020-12-31 11:25:43.601221","2020-12-31 11:25:43.601221"
"147","cqmch-2021-01-01T06:20:10.998Z","772","Bios",,,"2021-01-01 06:20:11.282415","2021-01-01 06:20:11.282415"
"148","d7uuun-2021-01-02T13:39:30.702Z","7727","Me",,,"2021-01-02 13:39:31.560884","2021-01-02 13:39:31.560884"
"149","gfihzc-2021-01-03T17:10:19.702Z","9440","Posted",,,"2021-01-03 17:10:20.316491","2021-01-03 17:10:20.316491"
"150","9jilha-2021-01-04T14:10:00.476Z","9365","Bayburn Posts",,,"2021-01-04 14:10:01.289217","2021-01-04 14:10:01.289217"
"151","sjkoa9-2021-01-04T20:48:19.033Z","9451","ED",,,"2021-01-04 20:48:19.593349","2021-01-04 20:48:19.593349"
"152","txifcl-2021-01-05T05:18:27.417Z","5566","Shelfie",,,"2021-01-05 05:18:27.792588","2021-01-05 05:18:27.792588"
"153","l5o59-2021-01-05T06:19:47.359Z","9451","Recipes",,,"2021-01-05 06:19:47.947369","2021-01-05 06:19:47.947369"
"154","eqgms-2021-01-05T13:44:13.826Z","1274","Lemon Water ",,,"2021-01-05 13:44:14.31138","2021-01-05 13:44:14.31138"
"155","tvpv2n-2021-01-05T13:55:46.800Z","8492","Blackeyedpeababy",,,"2021-01-05 13:55:47.469747","2021-01-05 13:55:47.469747"
"156","sf5jf-2021-01-05T14:49:41.921Z","1563","IG Feed This Week! ",,,"2021-01-05 14:49:42.381958","2021-01-05 14:49:42.381958"
"157","69cxpb-2021-01-06T04:33:27.669Z","3822","Hybrid ",,,"2021-01-06 04:33:28.063844","2021-01-06 04:33:28.063844"
"158","uzjgd-2021-01-06T04:33:39.016Z","3822","Classic ",,,"2021-01-06 04:33:39.275791","2021-01-06 04:33:39.275791"
"159","zpxdpn-2021-01-06T04:34:15.444Z","3822","Volume ",,,"2021-01-06 04:34:15.727678","2021-01-06 04:34:15.727678"
"160","k2el8f-2021-01-06T04:34:30.312Z","3822","Curls ",,,"2021-01-06 04:34:30.609791","2021-01-06 04:34:30.609791"
"161","9pndv-2021-01-06T04:36:28.412Z","3822","Lash Facts ",,,"2021-01-06 04:36:28.713241","2021-01-06 04:36:28.713241"
"162","d54pgg-2021-01-06T04:36:45.779Z","3822","Brows",,,"2021-01-06 04:36:46.067975","2021-01-06 04:36:46.067975"
"163","0z3s8a-2021-01-06T04:42:11.955Z","3822","Lash Bath ",,,"2021-01-06 04:42:12.213513","2021-01-06 04:42:12.213513"
"164","ylcvuk-2021-01-06T04:45:04.339Z","3822","Lash Tips ",,,"2021-01-06 04:45:04.580167","2021-01-06 04:45:04.580167"
"165","aofix9-2021-01-06T04:52:22.158Z","3822","Lash Curl Types",,,"2021-01-06 04:52:22.398883","2021-01-06 04:52:22.398883"
"166","jp114v-2021-01-06T22:52:01.940Z","8492","KI",,,"2021-01-06 22:52:02.232945","2021-01-06 22:52:02.232945"
"3690","43dpod-2024-12-15T08:12:14.917Z","557","parmesan.carmen",,"threads","2024-12-15 08:12:15.264182","2024-12-15 08:12:15.264182"
"168","72kacs-2021-01-07T16:28:51.195Z","8492","ABJ",,,"2021-01-07 16:28:51.472623","2021-01-07 16:28:51.472623"
"169","1utkw8-2021-01-07T18:20:45.880Z","9413","Past Instagram Posts",,,"2021-01-07 18:20:46.416882","2021-01-07 18:20:46.416882"
"170","jt87m9-2021-01-07T18:56:14.425Z","9413","RCGAA Text",,,"2021-01-07 18:56:14.890656","2021-01-07 18:56:14.890656"
"171","tm55mzp-2021-01-09T12:51:21.205Z","7727","FB",,,"2021-01-09 12:51:21.47915","2021-01-09 12:51:21.47915"
"172","4g0d4-2021-01-10T12:12:40.767Z","9620","Doterra",,,"2021-01-10 12:13:27.755381","2021-01-10 12:13:27.755381"
"173","jib12-2021-01-10T13:21:18.713Z","7727","Edit","69",,"2021-01-10 13:21:19.071009","2021-01-10 13:21:19.071009"
"174","4wwcn-2021-01-10T14:55:21.940Z","9625","Credit",,,"2021-01-10 16:09:48.944547","2021-01-10 16:09:48.944547"
"175","xxb41j-2021-01-10T14:55:12.045Z","9625","Tips",,,"2021-01-10 16:09:48.953075","2021-01-10 16:09:48.953075"
"176","70hwu7-2021-01-10T14:55:03.566Z","9625","Agents",,,"2021-01-10 16:09:48.961141","2021-01-10 16:09:48.961141"
"177","0ddq2s-2021-01-10T18:37:46.037Z","9365","Jump Rope Foundations",,,"2021-01-10 18:37:46.552082","2021-01-10 18:37:46.552082"
"178","hq5xe-2021-01-11T12:39:18.045Z","7727","Jan21","69",,"2021-01-11 12:39:18.300099","2021-01-11 12:39:18.300099"
"179","cqifk-2021-01-11T20:11:36.857Z","9645","Ig Live ",,,"2021-01-11 20:11:37.238958","2021-01-11 20:11:37.238958"
"180","yl63ch-2021-01-12T01:57:25.396Z","9652","Real estate ",,,"2021-01-12 01:58:07.646332","2021-01-12 01:58:07.646332"
"182","3pkd1-2021-01-12T18:10:09.301Z","2268","Griffin",,,"2021-01-12 18:10:09.688193","2021-01-12 18:10:09.688193"
"183","piz7-2021-01-12T18:10:16.007Z","2268","MD",,,"2021-01-12 18:10:16.259237","2021-01-12 18:10:16.259237"
"185","o3a1np-2021-01-05T10:40:37.198Z","9678","Antoniadoux",,,"2021-01-13 14:09:32.380911","2021-01-13 14:09:32.380911"
"186","1d6a91-2021-01-04T10:40:52.325Z","9678","LOTR",,,"2021-01-13 14:09:32.389241","2021-01-13 14:09:32.389241"
"187","qhwsr-2021-01-03T10:35:52.146Z","9678","Claudia",,,"2021-01-13 14:09:32.396912","2021-01-13 14:09:32.396912"
"188","pzmane-2021-01-13T14:52:26.066Z","9620","Book Club",,,"2021-01-13 14:52:26.699843","2021-01-13 14:52:26.699843"
"189","q5d4l-2021-01-14T02:55:22.629Z","23","Super Tour ‘21",,,"2021-01-14 02:55:22.900147","2021-01-14 02:55:22.900147"
"190","gm4bbm-2021-01-14T02:55:58.009Z","23","Runoffs ‘20",,,"2021-01-14 02:55:58.264603","2021-01-14 02:55:58.264603"
"191","ymjxs-2021-01-14T02:56:22.411Z","23","Super Tour ‘20",,,"2021-01-14 02:56:22.631419","2021-01-14 02:56:22.631419"
"192","6vafim-2021-01-14T02:57:33.013Z","23","SCCA eSports ‘20",,,"2021-01-14 02:57:33.267065","2021-01-14 03:00:35.040774"
"193","bdilep-2021-01-14T03:02:08.225Z","23","NCR / SARRC",,,"2021-01-14 03:02:08.480938","2021-01-14 03:02:08.480938"
"194","kftkml-2021-01-14T22:38:10.911Z","9451","Nutrients",,,"2021-01-14 22:38:11.475302","2021-01-14 22:38:11.475302"
"195","plxy8-2021-01-15T17:45:33.342Z","6978","Lash Captions",,,"2021-01-15 17:45:33.759163","2021-01-15 17:45:33.759163"
"196","d9uyj-2021-01-15T17:45:55.643Z","6978","Brow Captions",,,"2021-01-15 17:45:56.040636","2021-01-15 17:45:56.040636"
"197","zb8hrv-2021-01-15T17:46:11.807Z","6978","Engagement Captions",,,"2021-01-15 17:46:12.077545","2021-01-15 17:46:12.077545"
"198","eui2ug-2021-01-18T12:09:34.446Z","9678","Cancer Education UK",,,"2021-01-18 12:09:37.088202","2021-01-18 12:09:37.088202"
"388","c46oy6-2021-03-09T01:16:57.208Z","10316","Virtual Vendor Fair",,,"2021-03-09 01:16:57.625499","2021-03-09 01:16:57.625499"
"145","q2pwdv-2020-12-31T05:31:47.311Z","9279","Ironsight",,,"2020-12-31 05:31:47.798021","2021-02-19 18:55:57.116989"
"200","v2k8l-2021-01-18T15:18:45.399Z","7682","Past Captions",,,"2021-01-18 15:18:45.704599","2021-01-18 15:18:45.704599"
"199","qt2vyd-2021-01-18T15:18:28.635Z","7682","Upcoming",,,"2021-01-18 15:18:28.899797","2021-01-18 15:19:07.523921"
"201","8zso0h-2021-01-18T16:08:09.377Z","9663","Posted!",,,"2021-01-18 16:08:09.581553","2021-01-18 16:08:09.581553"
"202","31pqfr-2021-01-19T05:41:49.199Z","3822","Lashes",,,"2021-01-19 05:41:49.470833","2021-01-19 05:41:49.470833"
"204","x9mbu-2021-01-21T09:28:03.144Z","9365","MAIN CONTENT","141",,"2021-01-21 09:28:03.713016","2021-01-21 09:28:03.713016"
"205","q3c3w8-2021-01-21T09:28:11.094Z","9365","BONUS CONTENT","141",,"2021-01-21 09:28:11.344241","2021-01-21 09:28:11.344241"
"206","fti8qi-2021-01-21T09:28:21.984Z","9365","Misc Posts","141",,"2021-01-21 09:28:22.480871","2021-01-21 09:28:22.480871"
"207","vqzcwc-2021-01-21T12:05:20.056Z","9365","DMs","141",,"2021-01-21 12:05:20.557256","2021-01-21 12:05:20.557256"
"209","xy5ev-2021-01-21T18:02:19.201Z","9451","Self-love",,,"2021-01-21 18:02:19.797","2021-01-21 18:02:19.797"
"211","fk0wwl-2021-01-25T20:05:05.980Z","9862","YOUTUBE PROMO",,,"2021-01-25 20:05:06.378404","2021-01-25 20:05:06.378404"
"212","qiv0yo-2021-01-26T12:58:07.178Z","6631","Noch nicht gepostet",,,"2021-01-26 12:58:07.525922","2021-01-26 12:58:07.525922"
"2429","7vphj8-2022-11-20T13:38:18.130Z","14461","AO3 Shiz",,,"2022-11-20 13:38:18.393946","2022-11-20 13:38:18.393946"
"218","dyhmn-2021-01-28T00:58:34.734Z","9451","Wellness Wednesday",,,"2021-01-28 00:58:35.249404","2021-01-28 00:58:35.249404"
"208","u054vg-2021-01-21T18:00:09.889Z","9451","Transfrmation Tuesday",,,"2021-01-21 18:00:10.213344","2021-01-28 00:59:36.924203"
"220","22esdr-2021-01-28T01:00:03.493Z","9451","Fitness",,,"2021-01-28 01:00:03.99088","2021-01-28 01:00:03.99088"
"2214","stsrt-2022-09-12T02:45:54.083Z","12606","TSP","1183","instagram","2022-09-12 02:45:54.38249","2022-09-12 02:45:54.38249"
"222","rrnoin-2021-01-28T01:00:53.819Z","9451","Lean Body 2.0",,,"2021-01-28 01:00:54.361281","2021-01-28 01:00:54.361281"
"223","pyoli-2021-01-28T01:02:18.746Z","9451","Motivation",,,"2021-01-28 01:02:19.287083","2021-01-28 01:02:19.287083"
"224","thmh7xe-2021-01-28T01:02:49.666Z","9451","Family",,,"2021-01-28 01:02:49.922033","2021-01-28 01:02:49.922033"
"225","7c0mo-2021-01-28T01:06:01.579Z","9451","LBS",,,"2021-01-28 01:06:02.097037","2021-01-28 01:06:02.097037"
"219","ho7018-2021-01-28T00:59:50.064Z","9451","Bio/Personal",,,"2021-01-28 00:59:50.327215","2021-01-28 01:07:32.796288"
"226","l1ip5-2021-01-28T01:08:12.433Z","9451","Business",,,"2021-01-28 01:08:13.032392","2021-01-28 01:08:13.032392"
"227","xnb8ov-2021-01-28T02:19:19.551Z","9580","About Me",,,"2021-01-28 02:19:19.998145","2021-01-28 02:19:19.998145"
"228","3he6d-2021-01-28T02:22:29.811Z","9580","Hair-Related",,,"2021-01-28 02:22:30.275634","2021-01-28 02:22:30.275634"
"229","kt9d38-2021-01-28T02:23:04.477Z","9580","Products",,,"2021-01-28 02:23:04.933349","2021-01-28 02:23:04.933349"
"216","2uugn9-2021-01-27T03:14:37.653Z","9885","Gérard Pictures",,,"2021-01-27 03:14:39.299421","2021-01-28 05:26:41.669925"
"230","v3nsuc-2021-01-28T06:49:16.634Z","8041","Cash Money",,,"2021-01-28 06:49:17.187923","2021-01-28 06:49:17.187923"
"231","f80x5a-2021-01-28T10:46:53.821Z","9885","old captions",,,"2021-01-28 10:46:55.622457","2021-01-28 10:46:55.622457"
"2378","b09wf-2022-11-01T19:01:19.146Z","12576","Theme: Motivation",,,"2022-11-01 19:01:19.386593","2022-11-01 19:01:19.386593"
"234","1kmyjq-2021-01-30T06:50:56.759Z","7707","ENDING",,,"2021-01-30 06:50:57.269613","2021-01-30 06:50:57.269613"
"235","1owtop-2021-01-30T12:57:53.968Z","7727","Posted","171",,"2021-01-30 12:57:54.276799","2021-01-30 12:57:54.276799"
"236","5kaypi-2021-01-30T12:58:00.879Z","7727","Not Posted","171",,"2021-01-30 12:58:01.247779","2021-01-30 12:58:01.247779"
"2260","9x6xm-2022-10-04T03:39:25.217Z","16205","fierce & fire ",,"facebook","2022-10-04 03:39:25.578741","2022-10-04 04:01:43.530095"
"2282","vudjkr-2022-10-11T22:12:08.805Z","12470","CA","751","instagram","2022-10-11 22:12:09.084808","2022-10-11 22:12:09.084808"
"2291","g1nz0v-2022-10-11T22:25:11.639Z","12470","WA","751","instagram","2022-10-11 22:25:11.920094","2022-10-11 22:25:11.920094"
"2315","wdpazl-2022-10-18T10:16:27.603Z","197","FROM SCRATCH","1344",,"2022-10-18 10:16:27.925459","2022-10-18 10:16:27.925459"
"244","nrxp0a-2021-01-31T14:13:53.762Z","2009","Podcast + YouTube",,,"2021-01-31 14:13:54.070761","2021-08-15 20:51:28.904034"
"245","kv8b4b-2021-01-31T14:17:23.060Z","2009","Lead Follow-Up",,,"2021-01-31 14:17:23.383023","2021-01-31 14:17:23.383023"
"246","gnsl47-2021-01-31T22:38:46.259Z","9967","Hashtag Collections ",,,"2021-01-31 22:38:46.565239","2021-01-31 22:38:46.565239"
"247","4358yn-2021-01-31T23:27:14.175Z","9967","Health Captions",,,"2021-01-31 23:27:14.432129","2021-01-31 23:27:14.432129"
"248","w96ce8-2021-01-31T23:35:37.574Z","9967","Travel",,,"2021-01-31 23:35:37.841247","2021-01-31 23:35:37.841247"
"249","ydatr8-2021-01-31T23:41:33.731Z","9967","Photography",,,"2021-01-31 23:41:34.02562","2021-01-31 23:41:34.02562"
"250","wn0lc-2021-01-31T23:45:57.904Z","9967","Life Motivation",,,"2021-01-31 23:45:58.183396","2021-01-31 23:45:58.183396"
"252","py8g92-2021-02-01T08:07:32.918Z","7363","Personal",,,"2021-02-01 08:07:33.451274","2021-02-01 08:07:33.451274"
"253","bk2o8-2021-02-01T12:40:14.642Z","8482","Innisfree",,,"2021-02-01 12:40:15.269198","2021-02-01 12:40:15.269198"
"254","b2jtpo-2021-02-01T23:32:17.300Z","9990","Stories",,,"2021-02-01 23:34:14.754219","2021-02-01 23:34:14.754219"
"2393","f7a0dk-2022-11-04T13:24:03.776Z","12036","00-Riff Experience",,,"2022-11-04 13:24:04.029352","2022-11-04 13:24:24.082459"
"256","dqoate-2021-02-02T16:16:44.236Z","9659","Saved coaching ",,,"2021-02-02 16:16:44.79727","2021-02-02 16:16:44.79727"
"258","8uybuc-2021-02-02T22:26:15.819Z","9451","Promotions",,,"2021-02-02 22:26:16.121428","2021-02-02 22:26:16.121428"
"259","8y2vjl-2021-02-03T09:32:15.426Z","9986","JESS POND JEWELS",,,"2021-02-03 09:32:16.443356","2021-02-03 09:32:16.443356"
"2411","i5sgna-2022-11-14T22:14:39.007Z","18652","Posts",,"instagram","2022-11-14 22:17:26.901305","2022-11-14 22:17:26.901305"
"2412","oaot7d-2022-11-14T22:14:25.016Z","18652","Memoirs",,"instagram","2022-11-14 22:17:26.912522","2022-11-14 22:17:26.912522"
"262","dpo39o-2021-02-03T20:40:58.102Z","9916","Cooler",,,"2021-02-03 20:40:58.655228","2021-02-03 20:40:58.655228"
"2413","s4gavi-2022-11-14T22:13:28.159Z","18652","M&M",,"instagram","2022-11-14 22:17:26.920722","2022-11-14 22:17:26.920722"
"264","i66unq-2021-02-04T02:02:18.550Z","215","Personal",,,"2021-02-04 02:02:18.788558","2021-02-04 02:02:18.788558"
"265","lrvroe-2021-02-04T04:00:04.366Z","10040","Bio",,,"2021-02-04 06:41:37.711096","2021-02-04 06:41:37.711096"
"266","lp0bsa-2021-02-04T22:49:12.853Z","1410","Hey Girl Movement",,,"2021-02-04 22:49:13.138027","2021-02-04 22:49:13.138027"
"2428","a3jy38-2022-11-18T12:40:24.608Z","17177","Christmas",,,"2022-11-18 12:40:24.958007","2022-11-18 12:40:24.958007"
"268","l8u1bo-2021-02-06T16:49:10.668Z","8562","Posted",,,"2021-02-06 16:49:11.204456","2021-02-06 16:49:11.204456"
"2431","nrd7og-2022-11-22T10:40:56.281Z","15571","Tik Tok",,"tiktok","2022-11-22 10:40:56.881052","2022-11-22 10:40:56.881052"
"270","4tr56-2021-02-06T17:59:21.337Z","7480","MUCHACHO",,,"2021-02-06 17:59:21.569973","2021-02-06 17:59:21.569973"
"2440","nebur-2022-11-27T01:45:01.491Z","14461","Random Fics",,,"2022-11-27 01:45:01.892046","2022-11-27 01:45:01.892046"
"272","ad0b9n-2021-02-07T21:20:26.076Z","820","Used ",,,"2021-02-07 21:20:27.066511","2021-02-07 21:20:27.066511"
"2448","la1pm-2022-11-27T22:09:34.504Z","18790","Life","2442",,"2022-11-27 22:09:34.725153","2022-11-27 22:09:34.725153"
"2452","mned0i-2022-11-27T22:56:22.001Z","18790","Seasons","2449",,"2022-11-27 22:56:22.365124","2022-11-27 22:56:22.365124"
"2460","xhomlr-2022-11-27T23:25:26.690Z","18790","Join Team","2442",,"2022-11-27 23:25:26.994142","2022-11-27 23:25:26.994142"
"214","5vxqn8-2021-01-27T01:31:40.581Z","215","SNORT",,"instagram","2021-01-27 01:31:40.955529","2021-04-19 18:33:53.95975"
"257","3o4si-2021-02-02T19:40:49.092Z","820","Old Group ",,,"2021-02-02 19:40:49.691365","2021-05-09 19:08:09.405095"
"243","8d727-2021-01-31T14:12:43.620Z","2009","Social Bios",,,"2021-01-31 14:12:43.916004","2021-08-15 21:03:51.657868"
"2461","bvovl-2022-11-27T23:25:52.415Z","18790","FB","2442",,"2022-11-27 23:25:52.724152","2022-11-28 03:49:20.520921"
"2442","eo45de-2022-07-03T20:21:15.556Z","18790","Unused Captions - EDIT **",,,"2022-11-27 22:06:15.878083","2022-11-28 03:50:15.317804"
"2473","v2zpqb-2022-11-29T16:59:06.039Z","8469","Spa Trainings",,,"2022-11-29 16:59:06.268871","2022-11-29 16:59:06.268871"
"2535","4y1odi-2022-12-30T15:17:29.718Z","12576","Empathy",,,"2022-12-30 15:17:30.218052","2022-12-30 15:17:30.218052"
"3693","6zl2hl-2025-01-13T23:45:34.182Z","28825","Amazon",,,"2025-01-13 23:45:34.560987","2025-01-13 23:45:34.560987"
"280","brf82-2021-02-09T17:23:57.630Z","10119","Beautycounter Posts",,,"2021-02-09 17:24:43.634019","2021-02-09 17:24:43.634019"
"281","kh4ac9-2021-02-09T19:43:26.486Z","542","Hashtags",,,"2021-02-09 19:43:26.753334","2021-02-09 19:43:26.753334"
"3694","vv43zq-2025-01-21T01:29:59.544Z","29939","BTL",,,"2025-01-21 01:32:21.027069","2025-01-21 01:32:21.027069"
"283","8z45hk-2021-02-11T09:57:28.372Z","9726","Hashtags",,,"2021-02-11 09:57:29.217851","2021-02-11 09:57:29.217851"
"284","y7kexf-2021-02-12T17:53:12.826Z","4746","Pop Up Party",,,"2021-02-12 17:53:13.258029","2021-02-12 17:53:13.258029"
"285","so8iy6-2021-02-12T18:56:44.490Z","3229","GLEAM PICTURES",,,"2021-02-12 18:56:45.329134","2021-02-12 18:56:45.329134"
"286","k4r3db-2021-02-12T19:04:08.730Z","4506","LFH",,,"2021-02-12 19:04:09.380334","2021-02-12 19:04:09.380334"
"287","3896rd-2021-02-13T14:03:21.070Z","7052","Dr",,,"2021-02-13 14:03:21.361801","2021-02-13 14:03:21.361801"
"288","ocfxr-2021-02-13T21:58:18.475Z","10188","Templates",,,"2021-02-13 21:58:18.803019","2021-02-13 21:58:18.803019"
"289","fjv3zg-2021-02-13T21:58:58.076Z","10188","Unused Captions",,,"2021-02-13 21:58:58.546267","2021-02-13 21:58:58.546267"
"290","4fp9dc-2021-02-14T02:43:51.516Z","10189","Fran",,,"2021-02-14 02:43:52.25702","2021-02-14 02:43:52.25702"
"291","xidb1-2021-02-14T02:44:00.190Z","10189","Church",,,"2021-02-14 02:44:00.938462","2021-02-14 02:44:00.938462"
"292","mzbtt6-2021-02-14T06:40:15.168Z","364","Preguntas De Mujer",,,"2021-02-14 06:40:17.873203","2021-02-14 06:40:17.873203"
"293","gh6ckm-2021-02-14T15:09:18.447Z","10193","Photos",,,"2021-02-14 15:09:18.70563","2021-02-14 15:09:18.70563"
"294","8b4lja-2021-02-15T15:58:17.660Z","8688","H",,,"2021-02-15 15:58:18.086816","2021-02-15 15:58:18.086816"
"295","68d0i6-2021-02-15T19:54:43.792Z","8688","G","294",,"2021-02-15 19:54:44.29843","2021-02-15 19:54:44.29843"
"365","0vgj1t-2021-02-28T11:03:41.400Z","7706","#",,,"2021-02-28 11:03:41.904898","2021-02-28 11:03:41.904898"
"278","4h7ml-2021-02-09T01:43:02.662Z","4820","Twitter",,"twitter","2021-02-09 01:43:02.990092","2021-02-15 21:02:50.132397"
"366","9xwakp-2021-02-28T19:13:17.962Z","10262","Podcast Promos",,,"2021-02-28 19:13:18.753267","2021-02-28 19:13:18.753267"
"298","4tzj6-2021-02-15T22:32:57.926Z","4820","Clubhouse",,"clubhouse","2021-02-15 22:32:58.357663","2021-02-15 22:36:37.962511"
"347","znsqae-2021-02-21T23:33:28.557Z","10262","Money Mindset",,,"2021-02-21 23:33:29.300084","2021-02-28 19:14:11.461156"
"367","wggrvk-2021-02-28T19:15:02.852Z","10262","Career",,,"2021-02-28 19:15:03.241849","2021-02-28 19:15:19.391508"
"297","nwh75-2021-02-15T21:45:52.703Z","4820","Tiktok",,"tiktok","2021-02-15 21:45:52.996275","2021-02-17 11:35:40.393859"
"296","db3eto-2021-02-15T21:38:12.408Z","4820","Facebook",,"facebook","2021-02-15 21:38:12.700995","2021-02-17 11:35:51.935344"
"303","uahjzj-2021-02-17T11:38:14.616Z","4820","Instagram",,"instagram","2021-02-17 11:38:14.86337","2021-02-17 11:38:14.86337"
"304","6h88cn-2021-02-18T15:29:03.754Z","9181","Real Estate",,,"2021-02-18 15:29:04.240731","2021-02-18 15:29:04.240731"
"305","86gqlb-2021-02-18T17:23:25.149Z","10263","Posts",,,"2021-02-18 17:23:25.804692","2021-02-18 17:23:25.804692"
"306","0duaf-2021-02-18T20:01:26.976Z","3822","Coquito",,,"2021-02-18 20:01:27.204865","2021-02-18 20:01:27.204865"
"308","n0l1y-2021-02-19T01:16:15.409Z","10276","My",,,"2021-02-19 01:16:16.641381","2021-02-19 01:16:16.641381"
"309","ff9m58-2021-02-19T18:50:02.907Z","9279","deelzie.shop",,,"2021-02-19 18:50:03.216218","2021-02-19 18:50:03.216218"
"310","r3sina-2021-02-19T18:56:29.707Z","9279","TeamUnltd",,,"2021-02-19 18:56:30.011294","2021-02-19 18:56:30.011294"
"311","tkikrq-2021-02-19T20:14:52.220Z","9951","2",,,"2021-02-19 20:14:52.902853","2021-02-19 20:14:52.902853"
"312","rj30kc-2021-02-19T20:18:59.102Z","9951","1","311",,"2021-02-19 20:18:59.756525","2021-02-19 20:18:59.756525"
"313","6lh8lf-2021-02-20T07:51:52.030Z","10288","Product Posts",,,"2021-02-20 07:51:53.064162","2021-02-20 07:51:53.064162"
"314","en9noa-2021-02-21T07:23:14.469Z","364","Peru Por Ti Oramos",,,"2021-02-21 07:23:15.267323","2021-02-21 07:23:15.267323"
"348","z2md2o-2021-02-22T14:25:02.820Z","10316","Casting",,,"2021-02-22 14:25:03.088825","2021-02-22 14:25:03.088825"
"349","uas9kl-2021-02-22T18:57:34.815Z","10316","VIP Post",,,"2021-02-22 18:57:35.24632","2021-02-22 18:57:35.24632"
"350","mai3py-2021-02-22T22:41:43.245Z","10367","sherinecaftan negafa",,"instagram","2021-02-22 22:43:13.20466","2021-02-22 22:43:13.20466"
"351","ek7qj-2021-02-23T19:29:00.031Z","4506","JadeUK",,,"2021-02-23 19:29:00.571633","2021-02-23 19:29:00.571633"
"352","l065n-2021-02-24T04:51:23.960Z","5611","Posted",,,"2021-02-24 04:51:24.604669","2021-02-24 04:51:24.604669"
"353","iue4i-2021-02-24T20:10:20.249Z","8688","Kinky",,,"2021-02-24 20:10:20.67546","2021-02-24 20:10:20.67546"
"355","og0jl8-2021-02-25T21:24:13.035Z","10419","Clean Livin Mang",,,"2021-02-25 21:24:13.856944","2021-02-25 21:24:13.856944"
"354","yinjps-2021-02-25T20:01:57.468Z","10419","Morning Meditation",,,"2021-02-25 20:01:57.958443","2021-02-25 22:05:16.115505"
"356","0za1rg-2021-02-26T18:27:06.909Z","10419","Sublime Shine",,,"2021-02-26 18:27:07.356188","2021-02-26 18:27:07.356188"
"357","o5wy37-2021-02-26T21:06:36.776Z","10383","Testimony",,,"2021-02-26 21:06:37.049694","2021-02-26 21:06:37.049694"
"358","0dzg3-2021-02-27T08:07:43.049Z","10453","Urbex",,"instagram","2021-02-27 08:07:44.347834","2021-02-27 08:07:44.347834"
"359","erxr1l-2021-02-27T19:05:03.999Z","10463","Captions",,,"2021-02-27 19:06:53.555252","2021-02-27 19:06:53.555252"
"360","31xp5p-2021-02-27T23:26:31.610Z","10449","Instagram ",,"instagram","2021-02-27 23:26:31.924319","2021-02-27 23:26:31.924319"
"364","1e5xtf-2021-02-28T05:55:46.236Z","557","#ACNH",,"instagram","2021-02-28 05:55:46.649388","2021-02-28 05:55:46.649388"
"368","p1agmb-2021-03-01T03:50:46.275Z","10419","MY; IY Snippits ",,,"2021-03-01 03:50:47.095434","2021-03-01 03:50:47.095434"
"369","zrchdw-2021-03-01T15:02:33.213Z","10509","Momday ",,"instagram","2021-03-01 15:02:33.579067","2021-03-01 15:02:33.579067"
"370","cy0ydr-2021-03-02T06:04:21.585Z","10545","VIP Group",,"facebook","2021-03-02 15:58:51.863542","2021-03-02 15:58:51.863542"
"371","7b86y-2021-03-03T00:13:11.461Z","10493","Instagram Promo",,"instagram","2021-03-03 00:13:11.880546","2021-03-03 00:13:11.880546"
"2164","2d9bri-2022-08-18T13:41:06.630Z","725","MFM",,"instagram","2022-08-18 13:41:06.915939","2022-08-18 13:41:06.915939"
"373","7gd86m-2021-03-03T14:32:13.450Z","10316","Biz Page",,,"2021-03-03 14:32:13.993078","2021-03-03 14:32:13.993078"
"374","c3e3u4-2021-03-03T16:52:47.093Z","10568","Fitness",,"instagram","2021-03-03 16:52:47.702902","2021-03-03 16:52:47.702902"
"376","vfiqc-2021-03-05T23:49:50.600Z","7730","Reels",,"instagram","2021-03-05 23:49:51.065255","2021-03-05 23:49:51.065255"
"377","zksmjc-2021-03-06T00:33:17.559Z","10419","Amma",,,"2021-03-06 00:33:18.127769","2021-03-06 00:33:18.127769"
"378","yuil55-2021-03-06T01:40:06.455Z","10270","Bisiness Motovation",,,"2021-03-06 01:40:07.310835","2021-03-06 01:40:07.310835"
"379","ktt7db-2021-03-06T01:48:34.737Z","10270","X30x5",,"twitter","2021-03-06 01:48:35.644623","2021-03-06 01:48:35.644623"
"380","ln92x-2021-03-06T16:04:24.874Z","10419","Instagram Vidoes",,,"2021-03-06 16:04:25.422089","2021-03-06 16:04:25.422089"
"2170","4n9bve-2022-08-22T14:39:16.209Z","13552","Testimonials",,,"2022-08-22 14:39:18.214032","2022-08-22 21:28:46.221324"
"2177","mxmjb9-2022-08-30T17:15:09.451Z","10290","Maple & Snickers",,,"2022-08-30 17:15:09.693177","2023-05-05 15:23:57.480931"
"382","71io5m-2021-03-07T03:30:54.415Z","10637","Insta",,"instagram","2021-03-07 03:30:55.750685","2021-03-07 03:30:55.750685"
"383","a08syc-2021-03-07T20:28:56.928Z","10661","Food Posts",,"instagram","2021-03-07 20:28:57.229589","2021-03-07 20:28:57.229589"
"2171","k814x8-2022-08-24T17:53:53.934Z","1960","Dre Personal Posts",,,"2022-08-24 17:53:54.362214","2022-08-24 17:53:54.362214"
"2175","9c6jx-2022-08-27T13:11:45.619Z","17263","EAL",,"instagram","2022-08-27 13:11:45.855379","2022-08-27 13:11:45.855379"
"389","i00poo-2021-03-10T13:08:55.478Z","2268","Switchbacks / Hairpins",,,"2021-03-10 13:08:55.771971","2021-03-10 13:08:55.771971"
"2261","kyodwa-2022-10-05T15:28:23.003Z","8303","Quotes",,,"2022-10-05 15:28:24.705917","2022-10-05 15:28:24.705917"
"2295","wfx7tn-2022-10-12T12:24:35.722Z","7480","Old  Mulehouse",,,"2022-10-12 12:24:35.941273","2022-10-12 12:24:35.941273"
"2215","elrtvj-2022-09-12T02:52:02.544Z","12606","Hangar 1","1183","instagram","2022-09-12 02:52:06.020522","2022-09-12 02:52:06.020522"
"3695","ke4yji-2025-01-21T03:25:42.249Z","15022","Tahoe",,,"2025-01-21 03:25:42.588768","2025-01-21 03:25:42.588768"
"393","hfkjth-2020-12-12T02:54:14.825Z","10733","#mechanizms",,,"2021-03-11 03:40:38.395473","2021-03-11 03:40:38.395473"
"394","nrmb7p-2021-03-11T03:41:41.451Z","10733","Portfolio",,,"2021-03-11 03:41:41.714972","2021-03-11 03:41:41.714972"
"395","sskwmi-2021-03-11T03:41:52.414Z","10733","Brand Stuff",,,"2021-03-11 03:41:52.664716","2021-03-11 03:41:52.664716"
"396","zavtq9-2021-03-11T03:42:08.709Z","10733","Posted",,,"2021-03-11 03:42:09.047203","2021-03-11 03:42:09.047203"
"397","hxho1h-2021-03-11T03:43:52.827Z","10733","For the Photographer",,,"2021-03-11 03:43:53.06721","2021-03-11 03:43:53.06721"
"398","2vcbvr-2021-03-13T12:54:45.795Z","10752","Always Kid Lit",,,"2021-03-13 12:54:46.12617","2021-03-13 12:54:46.12617"
"399","y94yfp-2021-03-13T17:47:12.464Z","7636","Action Levels",,,"2021-03-13 17:47:13.059244","2021-03-13 17:47:13.059244"
"3696","00qv1vg-2025-01-28T20:23:03.540Z","8269","381 Waverley Rd ",,,"2025-01-28 20:23:03.884976","2025-01-28 20:23:03.884976"
"2165","z6jjan-2022-08-18T13:41:24.840Z","725","Root Nine",,"instagram","2022-08-18 13:41:25.053799","2022-08-18 13:41:25.053799"
"402","o7dbv-2021-03-15T08:27:59.285Z","9728","Ultimaterunning",,,"2021-03-15 08:27:59.995235","2021-03-15 08:27:59.995235"
"405","ak113k-2021-03-15T13:21:19.970Z","10794","Vaccine",,"instagram","2021-03-15 13:21:20.515015","2021-03-15 13:21:20.515015"
"406","jayvkm-2021-03-16T19:17:05.969Z","10718","Posted Insta",,,"2021-03-16 19:17:06.508421","2021-03-16 19:17:06.508421"
"408","tikvk-2021-03-16T21:25:13.003Z","10534","BDG",,,"2021-03-16 21:25:13.492664","2021-08-08 17:06:06.699975"
"404","mr9rwn-2021-03-15T08:29:03.940Z","9728","Profelge",,"instagram","2021-03-15 08:29:04.618051","2023-05-22 12:14:03.859161"
"409","0ogjba-2021-03-17T01:36:46.560Z","10157","Hashtags",,"instagram","2021-03-17 01:36:46.93411","2021-03-17 01:36:46.93411"
"410","hj89lp-2021-03-17T14:54:11.598Z","10419","Not Enough Adrenaline",,,"2021-03-17 14:54:12.074133","2021-03-17 14:54:12.074133"
"411","d4gfki-2021-03-17T15:31:36.354Z","10863","March",,"tiktok","2021-03-17 15:31:36.715008","2021-03-17 15:31:36.715008"
"412","clrre-2021-03-17T18:15:10.918Z","7636","Personal",,"linkedin","2021-03-17 18:15:11.288774","2021-03-17 18:15:11.288774"
"413","tfzp54-2021-03-17T18:16:08.220Z","7636","Blog ",,,"2021-03-17 18:16:08.65012","2021-03-17 18:16:08.65012"
"414","a5itp-2021-03-18T11:04:51.200Z","9417","Facebook Group",,,"2021-03-18 11:04:51.535085","2021-03-18 11:04:51.535085"
"415","be09vi-2021-03-18T20:22:36.340Z","9643","Tonkin Liu ",,,"2021-03-18 20:22:36.986086","2021-03-18 20:22:36.986086"
"416","rs98gi-2021-03-18T20:23:21.450Z","9643","Glenny",,,"2021-03-18 20:23:21.813337","2021-03-18 20:23:21.813337"
"417","rnam1-2021-03-18T20:23:31.773Z","9643","Bentley Villa",,,"2021-03-18 20:23:32.24343","2021-03-18 20:23:32.24343"
"418","9avv5-2021-03-18T22:33:07.134Z","10889","Test",,"instagram","2021-03-18 22:33:08.020378","2021-03-18 22:33:08.020378"
"419","h1j8ci-2021-03-18T23:43:22.653Z","7730","Ins",,"instagram","2021-03-18 23:43:22.965591","2021-03-18 23:43:22.965591"
"421","hwheal-2021-03-19T03:53:04.660Z","10892","Women",,"instagram","2021-03-19 03:53:05.160703","2021-03-19 03:53:05.160703"
"422","ys3j7h-2021-03-19T04:16:11.671Z","10892","Mummymania",,"instagram","2021-03-19 04:16:12.30982","2021-03-19 04:16:12.30982"
"420","zq3x9b-2021-03-19T01:35:21.093Z","10892","Monthly TBR",,"instagram","2021-03-19 01:35:21.566528","2021-03-19 10:47:25.55693"
"423","8rbjsb-2021-03-19T10:48:05.962Z","10892","Monthly Wrap up",,"instagram","2021-03-19 10:48:06.5688","2021-03-19 10:48:06.5688"
"424","6a9ol3-2021-03-19T10:48:30.164Z","10892","Currently Reading",,"instagram","2021-03-19 10:48:30.749477","2021-03-19 10:48:30.749477"
"425","sy5sja-2021-03-19T10:48:40.066Z","10892","Reviews",,"instagram","2021-03-19 10:48:40.631158","2021-03-19 10:48:40.631158"
"426","yr13bo-2021-03-19T10:48:54.699Z","10892","Museum Mondays",,"instagram","2021-03-19 10:48:55.284493","2021-03-19 10:48:55.284493"
"427","b1hnde-2021-03-20T17:06:22.453Z","10419","My - Kayla",,,"2021-03-20 17:06:22.80663","2021-03-20 17:06:22.80663"
"428","jbcrpr-2021-03-20T22:38:31.464Z","10419","MY; IY",,,"2021-03-20 22:38:33.640487","2021-03-20 22:38:33.640487"
"429","v2f01s-2021-03-21T13:51:24.031Z","10930","Posts ",,"instagram","2021-03-21 13:52:52.456436","2021-03-21 13:52:52.456436"
"430","euxp7b-2021-03-21T13:59:13.475Z","10930","Hashtags",,"instagram","2021-03-21 13:59:13.876693","2021-03-21 13:59:13.876693"
"431","z8qb2-2021-03-21T14:25:37.577Z","10836","Spicy Food",,,"2021-03-21 14:25:37.939388","2021-03-21 14:25:37.939388"
"432","dvb7qn-2021-03-22T03:10:06.949Z","10892","Fiction Friday",,"instagram","2021-03-22 03:10:22.162222","2021-03-22 03:10:22.162222"
"2176","c3tosi-2022-08-28T01:32:59.935Z","9544","Vibe Boutique",,"instagram","2022-08-28 01:33:00.183513","2022-08-28 01:33:00.183513"
"437","7q758d-2021-03-23T16:40:42.617Z","10971","Post Etsy Store Opening",,"instagram","2021-03-23 16:40:44.14619","2021-03-23 16:40:44.14619"
"438","k6i4jk-2021-03-25T13:57:32.720Z","3822","L7",,,"2021-03-25 13:57:33.012831","2021-03-25 13:57:33.012831"
"439","twa2m-2021-03-25T13:57:57.025Z","11022","Makeup captions",,,"2021-03-25 13:57:57.248704","2021-03-25 13:57:57.248704"
"451","1hq7-2021-03-28T20:19:09.418Z","9672","LA",,,"2021-03-28 20:19:09.626755","2021-03-28 20:19:09.626755"
"440","v3zm1-2021-03-27T09:26:31.371Z","9672","RE ",,"instagram","2021-03-27 09:26:31.860782","2021-03-27 09:28:29.363451"
"442","2lflof-2021-03-27T13:47:31.364Z","10904","SERVIPEL",,,"2021-03-27 13:47:31.76781","2021-03-27 13:47:31.76781"
"443","gjs06-2021-03-27T13:47:36.949Z","10904","SAYLU",,,"2021-03-27 13:47:37.342435","2021-03-27 13:47:37.342435"
"444","k9e09q-2021-03-27T13:47:43.590Z","10904","MALVARUXA",,,"2021-03-27 13:47:44.237042","2021-03-27 13:47:44.237042"
"445","x8lqd4-2021-03-27T13:47:50.710Z","10904","HAIRCOSMETIC",,,"2021-03-27 13:47:51.08518","2021-03-27 13:47:51.08518"
"446","xf4ma-2021-03-27T15:08:02.185Z","7730","Used ",,,"2021-03-27 15:08:02.530426","2021-03-27 15:08:02.530426"
"448","z746hq-2021-03-27T19:34:10.551Z","1734","Oils And Dogs",,,"2021-03-27 19:34:11.155206","2021-03-27 19:34:11.155206"
"449","nq9d4-2021-03-28T06:51:21.879Z","9672","Myth","440","instagram","2021-03-28 06:51:22.832478","2021-03-28 06:51:22.832478"
"452","p1buk-2021-03-28T20:19:27.755Z","9672","RE",,,"2021-03-28 20:19:28.209692","2021-03-28 20:19:28.209692"
"453","a83d2b-2021-03-28T20:20:12.255Z","9672","Nature","451",,"2021-03-28 20:20:12.70752","2021-03-28 20:20:12.70752"
"455","wtbz39-2021-03-29T10:33:00.584Z","9728","ultimatecreators","454",,"2021-03-29 10:33:00.825951","2021-03-29 10:33:00.825951"
"456","voyj4k-2021-03-29T10:33:13.295Z","9728","ultimatedronepilot","454",,"2021-03-29 10:33:13.83614","2021-03-29 10:33:13.83614"
"457","y18ry-2021-03-29T10:33:30.614Z","9728","smartfilmmaking","454",,"2021-03-29 10:33:31.262775","2021-03-29 10:33:31.262775"
"458","0q7axc-2021-03-29T10:33:43.532Z","9728","ultimatefpvdrone","454",,"2021-03-29 10:33:44.08337","2021-03-29 10:33:44.08337"
"459","ru0v7-2021-03-29T10:33:52.942Z","9728","filmmakermentor","454",,"2021-03-29 10:33:53.49899","2021-03-29 10:33:53.49899"
"460","pf8o8-2021-03-29T10:34:10.899Z","9728","simplefilmmaking","454",,"2021-03-29 10:34:11.540885","2021-03-29 10:34:11.540885"
"461","xyar5-2021-03-29T10:34:21.530Z","9728","budgetfilmmakers","454",,"2021-03-29 10:34:22.184409","2021-03-29 10:34:22.184409"
"454","f5jel-2021-03-29T10:32:47.797Z","9728","IG Empire",,"instagram","2021-03-29 10:32:48.484868","2021-03-29 10:36:03.588627"
"464","8s3yyt-2021-03-29T15:12:20.676Z","10827","Handmade Dollz",,"instagram","2021-03-29 15:12:21.233557","2021-03-29 15:12:21.233557"
"407","1l8pbg-2021-03-16T20:52:45.184Z","10534","IDM",,,"2021-03-16 20:52:45.683375","2021-11-16 04:07:42.574995"
"381","5k5jkc-2021-03-06T22:52:05.748Z","10534","TOA",,,"2021-03-06 22:52:06.102396","2021-08-08 17:06:28.587454"
"465","ch7xth-2021-03-29T15:13:16.378Z","10827","Personal",,"instagram","2021-03-29 15:13:16.906485","2021-03-29 15:13:16.906485"
"466","ptd2t7-2021-03-29T18:25:28.902Z","10577","Social Media Tips",,,"2021-03-29 18:25:29.813463","2021-03-29 18:25:29.813463"
"467","snf81-2021-03-29T18:34:48.688Z","10577","Tool kit posts",,,"2021-03-29 18:34:49.46004","2021-03-29 18:34:49.46004"
"468","3mmtq9-2021-03-29T18:35:09.209Z","10577","Headshots",,,"2021-03-29 18:35:09.59921","2021-03-29 18:35:09.59921"
"469","5klc3a-2021-03-29T18:35:31.293Z","10577","Blog ",,,"2021-03-29 18:35:31.840705","2021-03-29 18:35:31.840705"
"470","7smfwf-2021-03-29T18:36:09.258Z","10577","Define This ....Posts",,,"2021-03-29 18:36:09.989347","2021-03-29 18:36:09.989347"
"471","xp715q-2021-03-29T18:36:54.779Z","10577","Question Posts",,,"2021-03-29 18:36:55.546195","2021-03-29 18:36:55.546195"
"472","drzwlh-2021-03-29T18:37:34.920Z","10577","Promotional",,,"2021-03-29 18:37:35.64272","2021-03-29 18:37:35.64272"
"473","9bxuw-2021-03-29T18:58:17.832Z","10577","Personal Post",,,"2021-03-29 18:58:18.700853","2021-03-29 18:58:18.700853"
"474","ykozrc-2021-03-29T22:34:02.315Z","11095","Hospitable.Nicoll",,,"2021-03-29 22:34:02.620662","2021-03-29 22:34:02.620662"
"475","jpvw5c-2021-03-29T22:34:21.294Z","11095","NicollandDime",,,"2021-03-29 22:34:21.61445","2021-03-29 22:34:21.61445"
"476","bt0owg-2021-03-29T22:45:54.366Z","10577","Plandipity Doers",,,"2021-03-29 22:45:55.082322","2021-03-29 22:45:55.082322"
"911","gv0v7j-2021-07-25T09:24:45.467Z","12898","@brunomoreiratattoo","899","instagram","2021-07-25 09:24:46.172722","2021-07-25 09:24:46.172722"
"477","2q53gc-2021-03-30T04:07:08.420Z","3232","Instagram Captions ",,"instagram","2021-03-30 04:07:08.823669","2021-03-30 04:10:10.648105"
"478","1nxc0n-2021-03-30T04:11:25.541Z","3232","THE ROYAL YOU",,"instagram","2021-03-30 04:11:26.098904","2021-03-30 04:11:26.098904"
"141","b4ws48-2020-12-30T07:15:21.780Z","9365","JRC ",,,"2020-12-30 07:15:22.346827","2021-03-30 10:07:25.739012"
"479","ov8x4-2021-03-30T10:07:52.754Z","9365","JRC 3.0 DRILLS/CUES","141","facebook","2021-03-30 10:07:53.267151","2021-03-30 10:07:53.267151"
"480","1eaurc-2021-03-30T22:46:26.744Z","11044","Done",,,"2021-03-30 22:46:27.089859","2021-03-30 22:46:27.089859"
"481","h1s6gf-2021-03-31T02:16:38.804Z","11095","Tiktok ",,,"2021-03-31 02:16:39.62272","2021-03-31 02:16:39.62272"
"482","huvlv4-2021-03-31T16:12:48.718Z","10189","AutenticaTU",,,"2021-03-31 16:12:48.978767","2021-03-31 16:12:48.978767"
"484","pkh9gj-2021-04-01T15:02:52.338Z","9451","Matt",,,"2021-04-01 15:02:52.907695","2021-04-01 15:02:52.907695"
"485","w5w62d-2021-03-23T14:10:28.224Z","11147","Ryu",,,"2021-04-02 14:25:17.176155","2021-04-02 14:25:17.176155"
"1985","479y3q-2022-07-03T21:30:33.923Z","16198","July 3",,,"2022-07-03 21:30:34.278668","2022-07-03 21:30:34.278668"
"487","c2deb-2021-03-12T16:32:52.011Z","11147","Will",,,"2021-04-02 14:25:17.191339","2021-04-02 14:25:17.191339"
"488","iono-2021-03-08T15:56:17.880Z","11147","Julia",,,"2021-04-02 14:25:17.198348","2021-04-02 14:25:17.198348"
"489","molbfs-2021-02-23T00:51:34.875Z","11147","Jecardi",,,"2021-04-02 14:25:17.205351","2021-04-02 14:25:17.205351"
"490","4wwavj-2021-02-23T00:14:57.862Z","11147","Jaheim",,,"2021-04-02 14:25:17.212592","2021-04-02 14:25:17.212592"
"491","95t7mh-2021-02-18T03:51:02.279Z","11147","Marcel",,,"2021-04-02 14:25:17.219524","2021-04-02 14:25:17.219524"
"492","d8woff-2021-02-18T03:50:55.835Z","11147","Liam",,,"2021-04-02 14:25:17.226459","2021-04-02 14:25:17.226459"
"493","4xekm2-2021-02-18T03:50:27.588Z","11147","Jequiel",,,"2021-04-02 14:25:17.233187","2021-04-02 14:25:17.233187"
"494","gerukm-2021-02-18T03:49:49.799Z","11147","Najiyah",,,"2021-04-02 14:25:17.240234","2021-04-02 14:25:17.240234"
"495","zopbhb-2021-02-18T03:49:20.305Z","11147","Do",,,"2021-04-02 14:25:17.247021","2021-04-02 14:25:17.247021"
"496","cc2ded-2021-02-18T03:49:07.741Z","11147","Parker",,,"2021-04-02 14:25:17.253594","2021-04-02 14:25:17.253594"
"497","a17c1m-2021-02-18T03:48:44.906Z","11147","Natalie",,,"2021-04-02 14:25:17.26096","2021-04-02 14:25:17.26096"
"498","tvyvmk-2021-02-18T03:48:15.443Z","11147","Jake",,,"2021-04-02 14:25:17.268368","2021-04-02 14:25:17.268368"
"499","u9x4u-2021-02-17T16:04:40.974Z","11147","Kenji",,,"2021-04-02 14:25:17.275526","2021-04-02 14:25:17.275526"
"500","zjwjfa-2021-02-17T14:17:51.582Z","11147","Desi",,,"2021-04-02 14:25:17.282447","2021-04-02 14:25:17.282447"
"1989","11z8j-2022-07-06T23:14:38.115Z","16363","Cat",,,"2022-07-06 23:14:38.469146","2022-07-06 23:14:38.469146"
"502","9zz6e-2021-02-17T14:17:28.121Z","11147","Dae",,,"2021-04-02 14:25:17.296804","2021-04-02 14:25:17.296804"
"1991","eeuiplb-2022-07-08T02:41:05.466Z","16848","Our LOVE Story",,"tiktok","2022-07-08 02:48:13.806482","2022-07-08 02:48:13.806482"
"1996","gm238k-2022-07-12T08:24:28.173Z","16881","GraduationDay",,"instagram","2022-07-12 08:24:28.497393","2022-07-12 08:24:28.497393"
"507","785qwg-2021-04-02T17:57:43.479Z","10391","Dental Entrepreneur",,,"2021-04-02 17:57:44.222628","2021-04-02 17:57:44.222628"
"508","ps7nb-2021-04-02T17:57:50.793Z","10391","Fitness",,,"2021-04-02 17:57:51.23603","2021-04-02 17:57:51.23603"
"509","dwb48-2021-04-02T17:57:57.063Z","10391","Mindset",,,"2021-04-02 17:57:57.501115","2021-04-02 17:57:57.501115"
"510","87u4tb-2021-04-02T17:58:08.001Z","10391","Family",,,"2021-04-02 17:58:08.447065","2021-04-02 17:58:08.447065"
"511","zrb2b-2021-04-04T15:05:42.181Z","10823","Instagram Posts",,"instagram","2021-04-04 15:05:42.678446","2021-04-04 15:05:42.678446"
"512","kwftgv-2021-04-05T15:27:51.491Z","9545","Used",,,"2021-04-05 15:27:52.119763","2021-04-05 15:27:52.119763"
"2036","aro2j-2022-07-18T20:32:31.650Z","5587","Regenerative Health ",,"instagram","2022-07-18 20:32:33.0097","2022-07-18 20:32:33.0097"
"514","symr73-2021-04-07T11:02:46.066Z","11225","Kelley Wild",,,"2021-04-07 11:02:46.34668","2021-04-07 11:02:46.34668"
"515","m3gl7e-2021-04-07T11:03:27.488Z","11225","Katie Coburn",,,"2021-04-07 11:03:27.726052","2021-04-07 11:03:27.726052"
"517","lhxjtr-2021-04-09T06:48:36.265Z","9582","Personal ",,"instagram","2021-04-09 06:48:37.075142","2021-04-09 06:48:37.075142"
"526","9p3zud-2021-04-14T14:48:22.440Z","10419","Quotes",,,"2021-04-14 14:48:23.136427","2021-04-14 14:48:23.136427"
"518","vx7m0j-2021-04-10T03:41:17.584Z","11268","April Unboxing Captions",,,"2021-04-10 03:41:19.22","2021-04-10 03:41:19.22"
"519","u0fvzz-2021-04-10T03:42:15.580Z","11268","Hashtags",,,"2021-04-10 03:42:17.031305","2021-04-10 03:42:17.031305"
"520","9ha6i-2021-04-11T15:12:45.244Z","10597","ETCW",,,"2021-04-11 15:12:45.482575","2021-04-11 15:12:45.482575"
"3697","blauq8-2025-01-29T05:29:06.462Z","557","cloud.yozora",,"threads","2025-01-29 05:29:06.706424","2025-10-15 15:07:08.349443"
"523","3tuan-2021-04-12T08:16:28.094Z","11304","Posts",,"instagram","2021-04-12 08:16:28.69799","2021-04-12 08:16:28.69799"
"524","j2pgbu-2021-04-12T14:04:13.865Z","11147","River",,,"2021-04-12 14:04:14.328659","2021-04-12 14:04:14.328659"
"525","66qblb-2021-04-12T17:49:06.065Z","9451","Vendor Groups",,,"2021-04-12 17:49:06.612719","2021-04-12 17:49:06.612719"
"527","5cpywe-2021-04-14T17:31:09.728Z","10301","PineNut Pottery",,"instagram","2021-04-14 17:31:10.120099","2021-04-14 17:31:10.120099"
"528","a6gc4l-2021-04-14T17:32:01.205Z","10301","What The Ficus",,"instagram","2021-04-14 17:32:01.656692","2021-04-14 17:32:10.49949"
"529","a14q0p-2021-04-14T18:05:11.944Z","10419","Sublime Shine Templates","356",,"2021-04-14 18:05:12.578351","2021-04-14 18:05:12.578351"
"532","35vc1h-2021-04-15T14:02:52.108Z","10419","Meditation Template","354",,"2021-04-15 14:02:52.703729","2021-04-15 14:02:52.703729"
"533","b1qekui-2021-04-15T19:25:36.408Z","10419","Goals - Template ","355",,"2021-04-15 19:25:37.62144","2021-04-15 19:25:37.62144"
"534","ogelks-2021-04-15T20:06:41.616Z","10931","Tattoo",,,"2021-04-15 20:06:42.053874","2021-04-15 20:06:42.053874"
"536","kgc9wo-2021-04-16T14:30:13.454Z","11147","Isaiah",,,"2021-04-16 14:30:14.010163","2021-04-16 14:30:14.010163"
"537","dadf9-2021-04-16T15:13:31.526Z","11389","Bmwlib",,"instagram","2021-04-16 15:13:32.112525","2021-04-16 15:13:32.112525"
"538","p71p2-2021-04-16T15:26:31.399Z","11389","Bmwhashtag",,"instagram","2021-04-16 15:26:33.490883","2021-04-16 15:26:33.490883"
"539","u6kfbk-2021-04-16T15:49:58.212Z","10534","IG","381","instagram","2021-04-16 15:49:58.545506","2021-04-16 15:49:58.545506"
"435","7wb69e-2021-03-22T14:31:16.678Z","10419","Meditation ",,,"2021-03-22 14:31:17.184367","2021-05-07 14:47:02.42783"
"651","roml8-2021-05-18T15:06:50.439Z","5996","YouTube",,,"2021-05-18 15:06:51.111976","2021-05-18 15:06:51.111976"
"504","ycfgie-2021-02-17T14:17:03.929Z","11147","Angela",,,"2021-04-02 14:25:17.310839","2021-06-15 15:54:22.728754"
"540","f1bow-2021-04-16T15:50:35.371Z","10534","TT","381","tiktok","2021-04-16 15:50:35.68343","2021-04-16 15:50:35.68343"
"3698","g1ceb-2025-01-31T22:10:20.281Z","11521","RECETAS",,,"2025-01-31 22:10:21.299074","2025-01-31 22:10:21.299074"
"3699","cll0p4-2025-02-09T02:42:47.790Z","28133","Ingredients & Benefits",,,"2025-02-09 02:42:48.110541","2025-02-09 02:42:48.110541"
"2696","jry16q-2023-02-26T02:04:26.245Z","2629","FIT Biz",,,"2023-02-26 02:04:26.484248","2023-02-26 02:04:26.484248"
"1986","irkrcb-2022-07-04T03:02:13.232Z","12606","Barlow","1183","instagram","2022-07-04 03:02:13.517322","2022-07-04 03:02:13.517322"
"1990","8g0l6f-2022-07-07T00:31:57.283Z","1208","Life Coaching ",,,"2022-07-07 00:31:57.61071","2022-07-07 00:31:57.61071"
"1992","avqxov-2022-07-08T05:46:19.105Z","16851","Stp",,,"2022-07-08 05:48:00.6736","2022-07-08 05:48:00.6736"
"1997","ktn1p-2022-07-12T20:50:40.897Z","16582","Los liminals",,,"2022-07-12 20:50:41.189501","2022-07-12 20:50:41.189501"
"2037","tw6iv-2022-07-18T21:50:26.887Z","11471","czaku",,"instagram","2022-07-18 21:50:27.123352","2022-07-18 21:50:27.123352"
"2038","fi7i9m-2022-07-18T21:50:45.406Z","11471","lycra",,"instagram","2022-07-18 21:50:45.662349","2022-07-18 21:50:52.907198"
"2039","edb7xq-2022-07-20T13:22:15.518Z","5079","Personal",,,"2022-07-20 13:22:15.743157","2022-07-20 13:22:15.743157"
"2166","2cpivf-2022-08-19T14:13:31.038Z","17397","AFC - IG",,"instagram","2022-08-19 14:13:31.306203","2022-08-19 14:13:31.306203"
"2173","bpuiea-2022-08-25T14:14:36.414Z","10568","Host A Post ",,,"2022-08-25 14:14:36.673566","2022-08-25 14:14:36.673566"
"2296","bcqp-2022-10-12T16:02:57.305Z","6608","Reels","2229","instagram","2022-10-12 16:02:58.061238","2022-10-12 16:02:58.061238"
"2297","t0a0tk-2022-10-12T16:03:10.980Z","6608","Posted","2296","instagram","2022-10-12 16:03:11.217413","2022-10-12 16:03:11.217413"
"2379","xnasce-2022-11-01T19:03:00.570Z","12576","Theme: Behind The Scenes",,,"2022-11-01 19:03:00.982746","2022-11-01 19:03:00.982746"
"2394","zer7t-2022-11-05T09:08:43.984Z","1546","Nouveaux Comptes",,,"2022-11-05 09:08:44.287774","2022-11-05 09:08:44.287774"
"2414","mdq9pc-2022-11-14T22:20:08.812Z","18652","CJ Tonico","2413","instagram","2022-11-14 22:20:09.064006","2022-11-14 22:20:09.064006"
"2416","usr8fc9-2022-11-14T22:21:05.767Z","18652","Lupe","2413","instagram","2022-11-14 22:21:06.011073","2022-11-14 22:21:06.011073"
"2432","bfe0ms-2022-11-22T14:42:55.766Z","197","PERSONARE",,,"2022-11-22 14:42:56.071431","2022-11-22 14:42:56.071431"
"2462","a5j6hb-2022-11-28T01:46:32.120Z","12633","Quotes",,,"2022-11-28 01:46:32.381979","2022-11-28 01:46:32.381979"
"2705","ffosx8-2023-03-06T12:25:10.105Z","7480","Electric Events",,,"2023-03-06 12:25:10.528546","2023-03-06 12:25:10.528546"
"2482","dy3f5-2022-12-03T13:33:04.849Z","14461","Kinkmas",,,"2022-12-03 13:33:05.240374","2022-12-03 13:33:05.240374"
"2489","1kxdf8-2022-12-04T21:15:42.017Z","10534","DHS-Michael","407",,"2022-12-04 21:15:42.281708","2022-12-04 21:15:42.281708"
"2474","cggt2q-2022-11-29T19:41:49.473Z","18141","12 Days Of Christmas",,,"2022-11-29 19:41:50.536892","2022-12-14 00:03:03.166802"
"2511","pigcwm-2022-12-16T01:07:35.186Z","14785","Sew Crew",,,"2022-12-16 01:07:35.529066","2022-12-16 01:07:35.529066"
"2522","kuo5xm-2022-12-21T07:06:54.306Z","11019","Posted","2514","instagram","2022-12-21 07:06:54.569186","2022-12-21 07:06:54.569186"
"2553","ha1bq-2023-01-05T00:47:24.644Z","14785","Sunny Day",,,"2023-01-05 00:47:25.148528","2023-01-06 19:51:13.984962"
"2581","gpf75r-2023-01-15T00:47:50.676Z","19063","Drafts - Midlife",,,"2023-01-15 00:47:51.29057","2023-01-15 00:47:51.29057"
"2589","oon0h-2023-01-19T06:49:19.428Z","11019","In Progress","2514",,"2023-01-19 06:49:19.69721","2023-01-19 06:49:19.69721"
"2711","crjiaw-2023-03-11T20:05:36.124Z","20797","Sunday",,,"2023-03-11 20:05:36.359359","2023-03-11 20:05:36.359359"
"2598","35h924-2023-01-27T23:33:41.834Z","12470","✨ Hiring","751",,"2023-01-27 23:33:42.153515","2023-01-27 23:34:11.775439"
"2606","5ngerq-2023-01-30T04:48:10.322Z","19662","TikTok",,"tiktok","2023-01-30 04:48:11.030785","2023-01-30 04:48:11.030785"
"2652","1rex4q-2023-02-06T13:23:44.747Z","10724","Beauty Lounge",,,"2023-02-06 13:23:46.39171","2023-02-06 13:23:46.39171"
"2658","qsfzef-2023-02-08T13:45:34.232Z","4187","Nitshi Le Mans",,"instagram","2023-02-08 13:45:34.674205","2023-02-08 13:45:34.674205"
"2670","t6fmrx-2023-02-12T15:39:23.602Z","20280","Instragram",,"instagram","2023-02-12 15:39:23.913992","2023-02-12 15:39:23.913992"
"2682","tf5r2r-2023-02-21T14:03:15.375Z","9100","Balibali",,,"2023-02-21 14:03:15.636074","2023-02-21 14:03:15.636074"
"2688","rmeg7j-2023-02-26T01:41:29.317Z","2629","WELLthy Entrepreneur",,,"2023-02-26 01:41:29.653023","2023-02-26 01:41:29.653023"
"2689","0y4wkd-2023-02-26T01:42:17.187Z","2629","Rise Women Wellness",,,"2023-02-26 01:42:17.459774","2023-02-26 01:42:17.459774"
"2690","y26mg7-2023-02-26T01:42:39.703Z","2629","Body Transformation Clinic",,,"2023-02-26 01:42:39.97753","2023-02-26 01:42:39.97753"
"2694","qe6arj-2023-02-26T01:48:38.686Z","2629","Boys Club",,,"2023-02-26 01:48:38.981185","2023-02-26 01:48:38.981185"
"2718","agz3tf-2023-03-12T07:58:32.635Z","20797","Tuesday ",,,"2023-03-12 07:58:32.905811","2023-03-12 07:58:32.905811"
"2725","qisevt-2023-03-12T09:23:57.358Z","20797","Friday ",,,"2023-03-12 09:23:57.706478","2023-03-12 09:23:57.706478"
"2731","bzpjz-2023-03-12T17:22:31.723Z","18144","Grace",,,"2023-03-12 17:22:31.999331","2023-03-12 17:22:31.999331"
"2738","9yrtnk-2023-03-14T08:28:39.037Z","1001","Kai Luxe Customs",,"instagram","2023-03-14 08:28:39.337247","2023-03-14 08:28:53.333999"
"2745","u8qem-2023-03-14T14:45:16.211Z","12036","Quantum Flight & Explosion MM",,,"2023-03-14 14:45:16.483453","2023-03-14 14:45:16.483453"
"2757","73uhdh-2022-02-19T03:58:14.295Z","21107","Томск","9wlfvw-2021-12-12T09:12:34.069Z","instagram","2023-03-16 13:27:45.487139","2023-03-16 13:27:45.487139"
"2758","bb07un-2022-02-19T03:55:13.131Z","21107","San ❤️ Valentino","9wlfvw-2021-12-12T09:12:34.069Z","instagram","2023-03-16 13:27:45.493016","2023-03-16 13:27:45.493016"
"2759","y8oegc-2022-02-19T03:53:41.963Z","21107","San Remo","9wlfvw-2021-12-12T09:12:34.069Z","instagram","2023-03-16 13:27:45.498969","2023-03-16 13:27:45.498969"
"2760","klrus-2022-02-06T04:07:39.638Z","21107","Montenegro 🇲🇪","cn5l5-2021-12-12T09:12:40.727Z","instagram","2023-03-16 13:27:45.50699","2023-03-16 13:27:45.50699"
"2761","jujrl-2022-02-06T04:07:21.016Z","21107","Кипр 🇨🇾","cn5l5-2021-12-12T09:12:40.727Z","instagram","2023-03-16 13:27:45.515619","2023-03-16 13:27:45.515619"
"2762","a3jyq-2022-02-06T03:44:44.519Z","21107","Natale 🎅🏼","9wlfvw-2021-12-12T09:12:34.069Z","instagram","2023-03-16 13:27:45.52252","2023-03-16 13:27:45.52252"
"2763","cty1-2022-02-06T03:44:22.266Z","21107","Io e Louis Viviers","9wlfvw-2021-12-12T09:12:34.069Z","instagram","2023-03-16 13:27:45.528893","2023-03-16 13:27:45.528893"
"2764","bs93ff-2022-02-06T03:43:57.738Z","21107","Tunisia 🇹🇳","9wlfvw-2021-12-12T09:12:34.069Z","instagram","2023-03-16 13:27:45.535645","2023-03-16 13:27:45.535645"
"2765","3nskb-2022-02-06T03:43:00.343Z","21107","Великий 🎅🏼 Устюг ","9wlfvw-2021-12-12T09:12:34.069Z","instagram","2023-03-16 13:27:45.542351","2023-03-16 13:27:45.542351"
"2766","lz83ak-2022-02-06T03:41:07.957Z","21107","КРАСНОЯРСК","9wlfvw-2021-12-12T09:12:34.069Z","instagram","2023-03-16 13:27:45.548864","2023-03-16 13:27:45.548864"
"2767","1tlli-2022-02-06T03:39:30.856Z","21107","Chinese New Year 🧧","9wlfvw-2021-12-12T09:12:34.069Z","instagram","2023-03-16 13:27:45.555364","2023-03-16 13:27:45.555364"
"2779","10uwev-2023-03-23T14:07:22.450Z","9100","OtherLoops",,,"2023-03-23 14:07:23.049862","2023-03-23 14:07:23.049862"
"2785","l9ij67-2023-04-01T13:14:59.414Z","20797","Go Cards ",,,"2023-04-01 13:14:59.857165","2023-04-01 13:14:59.857165"
"2791","wgf5on-2023-04-02T18:21:57.891Z","15022","Yacht Realtor",,,"2023-04-02 18:21:58.154051","2023-04-02 18:21:58.154051"
"2769","9wlfvw-2021-12-12T09:12:34.069Z","21107","Insta • OLD",,"instagram","2023-03-16 13:27:45.574317","2023-04-03 15:22:16.059017"
"2797","y5pcog-2021-08-16T15:09:44.961Z","21509","Dating",,,"2023-04-04 14:18:15.732643","2023-04-04 14:18:15.732643"
"2536","5pj3sn-2022-12-30T17:08:36.912Z","17785","Posts/Reels",,"instagram","2022-12-30 17:08:37.170943","2023-12-16 19:41:45.915187"
"2699","rrjjg7-2023-03-02T16:59:33.620Z","9100","My Herringbone Jumper","2610",,"2023-03-02 16:59:34.568491","2023-08-12 07:20:02.529028"
"541","npfj7t-2021-04-16T15:51:09.946Z","10534","LI","381","linkedin","2021-04-16 15:51:10.234177","2021-04-16 15:51:10.234177"
"3700","ete96g-2025-02-10T23:04:49.001Z","11147","Landon",,,"2025-02-10 23:04:49.222447","2025-02-10 23:04:49.222447"
"543","o68vdp-2021-04-16T21:46:01.216Z","11395","COVID",,,"2021-04-16 21:46:01.559696","2021-04-16 21:46:01.559696"
"544","g4a59g-2021-04-16T21:47:20.250Z","11395","GND",,,"2021-04-16 21:47:20.55182","2021-04-16 21:47:20.55182"
"545","vi8l2j-2021-04-16T21:48:57.486Z","11395","CHESTER",,,"2021-04-16 21:48:57.705361","2021-04-16 21:48:57.705361"
"546","v4fz7-2021-04-17T12:02:30.095Z","11304","April Weekly Content",,"instagram","2021-04-17 12:02:30.686971","2021-04-17 12:02:30.686971"
"547","tv84la-2021-04-17T17:27:03.718Z","10534","TW","381","twitter","2021-04-17 17:27:03.979661","2021-04-17 17:27:03.979661"
"548","2lbj0a-2021-04-17T18:14:43.567Z","11392"," Nature",,,"2021-04-17 18:14:44.167256","2021-04-17 18:14:44.167256"
"549","8ti2mt-2021-04-17T19:36:43.852Z","11095","Made With Love 2021",,,"2021-04-17 19:36:44.132134","2021-04-17 19:36:44.132134"
"550","ypjr2-2021-04-18T13:37:18.042Z","10534","ZZ_Archive",,,"2021-04-18 13:37:18.45362","2021-04-18 13:37:18.45362"
"551","xs1wv-2021-04-18T19:05:26.507Z","11392","Artwork",,,"2021-04-18 19:05:27.953072","2021-04-18 19:05:27.953072"
"552","rprse-2021-04-19T00:11:56.888Z","8884","Personalshopper_vip",,"instagram","2021-04-19 00:11:57.308392","2021-04-19 00:12:15.817078"
"553","egwjmf-2021-04-19T02:01:09.282Z","8884","Ana’s Tables ",,,"2021-04-19 02:01:09.743315","2021-04-19 02:01:09.743315"
"554","4b1bk-2021-04-19T05:31:20.094Z","11392","Momhood",,,"2021-04-19 05:31:21.318265","2021-04-19 05:31:21.318265"
"3701","onl556-2025-02-12T22:38:22.594Z","28133","Application Items",,,"2025-02-12 22:38:22.922751","2025-02-12 22:38:22.922751"
"556","b5ojfb-2021-04-19T18:33:44.541Z","215","Premier Nutrition",,"instagram","2021-04-19 18:33:44.787139","2021-04-19 18:33:44.787139"
"1993","wwz6bn-2022-07-10T06:31:50.777Z","16866","faith defense",,"instagram","2022-07-10 06:31:51.056157","2022-07-10 06:31:51.056157"
"559","0dzj8wj-2021-04-20T14:51:55.524Z","10419","Template","354",,"2021-04-20 14:51:56.053558","2021-04-20 14:51:56.053558"
"560","mvd9gb-2021-04-20T20:06:51.056Z","10419","Template","526",,"2021-04-20 20:06:51.60199","2021-04-20 20:06:51.60199"
"516","79bj4v-2021-04-08T00:44:00.433Z","557","mhika_saru",,"instagram","2021-04-08 00:44:00.882658","2025-02-19 06:34:31.258081"
"562","hdqs3o-2021-04-22T09:07:25.484Z","11483","re-love",,"instagram","2021-04-22 09:07:26.120671","2021-04-22 09:07:26.120671"
"563","t6xffb-2021-04-23T07:31:05.660Z","9728","Creatorsfolio","454","instagram","2021-04-23 07:31:06.524087","2021-04-23 07:31:06.524087"
"565","cn9qk4-2021-04-23T21:07:21.802Z","11154","Infinity ",,,"2021-04-23 21:07:22.09078","2021-04-23 21:07:22.09078"
"567","vcyf25-2021-04-23T21:07:44.588Z","11154","Lightning Stables",,,"2021-04-23 21:07:44.858121","2021-04-23 21:07:44.858121"
"568","798wa-2021-04-24T22:44:48.291Z","11517","Hashtags ",,"instagram","2021-04-25 07:12:18.089726","2021-04-25 07:12:18.089726"
"569","zbwo2e-2021-04-24T22:44:41.338Z","11517","Captions ",,"instagram","2021-04-25 07:12:18.100362","2021-04-25 07:12:18.100362"
"570","tv67de-2021-04-24T22:44:22.303Z","11517","General Info ",,"instagram","2021-04-25 07:12:18.110907","2021-04-25 07:12:18.110907"
"2040","qx42na-2022-07-21T20:24:50.880Z","282","22911 K Plaza",,"instagram","2022-07-21 20:24:51.255045","2022-07-21 20:24:51.255045"
"1998","yt7d5-2022-07-13T08:24:00.397Z","14203","8. Calderon",,,"2022-07-13 08:24:00.871766","2023-05-03 10:58:08.044514"
"575","p9xv5s-2021-04-25T11:27:05.167Z","11517","General Info",,"twitter","2021-04-25 11:27:05.496664","2021-04-25 11:27:05.496664"
"576","znklkg-2021-04-25T11:27:27.329Z","11517","Tweets ",,"twitter","2021-04-25 11:27:27.651312","2021-04-25 11:27:27.651312"
"577","0jv0rq-2021-04-25T11:27:39.577Z","11517","Hashtags ",,"twitter","2021-04-25 11:27:39.905289","2021-04-25 11:27:39.905289"
"578","76hyq-2021-04-25T11:28:25.258Z","11517","General Info ",,"facebook","2021-04-25 11:28:25.584634","2021-04-25 11:28:25.584634"
"579","dch1mp-2021-04-25T11:28:38.989Z","11517","Posts ",,"facebook","2021-04-25 11:28:39.305755","2021-04-25 11:28:39.305755"
"580","ozhymq-2021-04-25T11:28:54.863Z","11517","Media ",,"facebook","2021-04-25 11:28:55.190105","2021-04-25 11:28:55.190105"
"581","drs16k-2021-04-25T11:29:21.186Z","11517","General Info ",,"youtube","2021-04-25 11:29:21.525157","2021-04-25 11:29:21.525157"
"582","pi3v7-2021-04-25T11:30:33.849Z","11517","Titles ",,"youtube","2021-04-25 11:30:34.183048","2021-04-25 11:30:34.183048"
"583","agkkncj-2021-04-25T11:30:45.502Z","11517","Descriptions ",,"youtube","2021-04-25 11:30:46.194935","2021-04-25 11:30:46.194935"
"584","s03yxe-2021-04-26T10:31:49.242Z","5899","Captions Hashtags",,,"2021-04-26 10:31:49.607083","2021-04-26 10:31:49.607083"
"585","nn41a-2021-04-26T14:36:39.739Z","11274","Texture Tuesday",,,"2021-04-26 14:36:40.3205","2021-04-26 14:36:40.3205"
"586","old8gg-2021-04-27T04:42:42.768Z","11274","Tetris",,,"2021-04-27 04:42:43.084324","2021-04-27 04:42:43.084324"
"588","kjc9wp-2021-04-28T09:48:10.830Z","11573","Open Your Money Flow",,,"2021-04-28 09:48:11.311135","2021-04-28 12:53:15.13893"
"589","olool-2021-04-29T11:56:00.307Z","8884","Mother’s Day ","553","instagram","2021-04-29 11:56:00.700711","2021-04-29 11:56:00.700711"
"590","fazbl-2021-04-30T22:23:46.203Z","11610","Question ",,,"2021-04-30 22:23:47.902611","2021-04-30 22:23:47.902611"
"591","uauw8g-2021-05-01T06:42:13.726Z","11573","Spiral Dance",,,"2021-05-01 06:42:14.083438","2021-05-01 06:42:14.083438"
"594","e7qtnn-2021-05-02T18:02:19.480Z","143","Hooked On Books",,"instagram","2021-05-02 18:02:19.701609","2021-05-02 18:02:19.701609"
"626","92rhlp-2021-05-04T07:58:55.203Z","11389","Mfanatics2021",,,"2021-05-04 07:58:55.814306","2021-05-04 07:58:55.814306"
"627","ul7hre-2021-05-04T15:10:06.239Z","9522","Future Captions",,,"2021-05-04 15:10:06.903855","2021-05-04 15:10:06.903855"
"628","4xfxqf-2021-05-05T12:41:10.105Z","11724","IG Caption - Vacation/Outing",,"instagram","2021-05-05 12:56:03.665973","2021-05-05 12:56:03.665973"
"629","la9ilp-2021-05-05T19:05:25.229Z","10419","Template","428",,"2021-05-05 19:05:25.833306","2021-05-05 19:05:25.833306"
"630","9lmuoh-2021-05-05T23:18:21.938Z","11730","Weightloss Journey",,"tiktok","2021-05-05 23:18:22.329358","2021-05-05 23:18:22.329358"
"631","2p9f6c-2021-05-06T03:43:10.451Z","8761","Authentic",,"instagram","2021-05-06 03:43:11.229098","2021-05-06 03:43:11.229098"
"632","8r0xh-2021-05-06T14:34:20.548Z","772","Education",,,"2021-05-06 14:34:21.561549","2021-05-06 14:34:21.561549"
"633","3x48s-2021-05-07T01:30:17.127Z","10969","Ideas",,"instagram","2021-05-07 01:30:17.383958","2021-05-07 01:30:17.383958"
"634","ako4w-2021-05-07T03:02:31.212Z","8371","Past Captions",,,"2021-05-07 03:02:31.702058","2021-05-07 03:02:31.702058"
"635","lpr1s-2021-05-07T14:47:14.497Z","10419","Template","435",,"2021-05-07 14:47:14.741028","2021-05-07 14:47:14.741028"
"587","84lxag-2021-04-27T21:03:17.066Z","820","Facebook Support Group",,,"2021-04-27 21:03:17.759014","2021-05-09 19:07:41.398314"
"637","1chk33-2021-05-10T01:37:35.784Z","2539","Pops",,"instagram","2021-05-10 01:37:36.203169","2021-05-10 01:37:36.203169"
"638","o4cq44-2021-05-10T14:15:32.453Z","11573","Light Being Wellness",,,"2021-05-10 14:15:32.792541","2021-05-10 14:15:32.792541"
"639","ow1f4o-2021-05-10T14:16:17.147Z","11573","MMIW/SAA",,,"2021-05-10 14:16:17.423542","2021-05-10 14:16:17.423542"
"640","m3rey9-2021-05-11T02:23:01.752Z","11807","GetRight Fitness",,"instagram","2021-05-11 02:24:20.184125","2021-05-11 02:24:20.184125"
"641","h1o0bq-2021-05-11T13:42:37.278Z","11573","HeruScopes",,,"2021-05-11 13:42:37.601432","2021-05-11 13:42:37.601432"
"643","5omhwe-2021-05-13T14:44:47.166Z","10644","Used captions",,"instagram","2021-05-13 14:44:47.463562","2021-05-13 14:44:47.463562"
"646","w6s3jr-2021-05-15T06:47:17.435Z","9544","Posted",,"instagram","2021-05-15 06:47:17.665194","2021-05-15 06:47:17.665194"
"649","1grcvo-2021-05-17T02:39:59.521Z","9306","Christmas",,,"2021-05-17 02:39:59.809709","2021-05-17 02:39:59.809709"
"650","2pun8d-2021-05-18T01:37:39.273Z","10419","Trail Running",,,"2021-05-18 01:37:39.917607","2021-05-18 01:37:39.917607"
"566","1o0r4d-2021-04-23T21:07:33.970Z","11154","Real Estate",,,"2021-04-23 21:07:34.49341","2021-08-22 19:00:09.653239"
"636","ip275p-2021-05-08T19:36:44.813Z","143","Book Tours/Keep",,"instagram","2021-05-08 19:36:45.693728","2021-09-15 17:00:57.279838"
"645","xmpzd5-2021-05-14T13:22:29.950Z","10534","SAS",,,"2021-05-14 13:22:30.505959","2021-10-26 15:45:45.486967"
"652","wz60i-2021-05-18T21:25:20.056Z","5298","Tiktok Video Text",,"tiktok","2021-05-18 21:25:20.828585","2021-05-18 21:25:20.828585"
"3702","wvc0rl-2025-02-13T02:47:04.778Z","30026","Top 20 Students",,,"2025-02-13 02:47:05.12693","2025-02-13 02:47:05.12693"
"654","cxc9bp-2021-05-19T19:56:23.442Z","11900","Lets Goo",,"instagram","2021-05-19 19:56:23.693859","2021-05-19 19:56:23.693859"
"655","ab64p7-2021-05-19T21:42:46.130Z","5298","Instagram Reel Caption",,"instagram","2021-05-19 21:42:46.513784","2021-05-19 21:42:46.513784"
"656","sopwe6-2021-05-20T12:26:03.058Z","7802","Hair",,,"2021-05-20 12:26:03.354807","2021-05-20 12:26:03.354807"
"657","9uzz5b-2021-05-20T12:26:39.240Z","7802","Feters United",,,"2021-05-20 12:26:39.539907","2021-05-20 12:26:39.539907"
"658","2ysjzzn-2021-05-20T12:29:25.154Z","7802","MissMom",,,"2021-05-20 12:29:25.476438","2021-05-20 12:29:25.476438"
"659","cxxp49-2021-05-20T12:29:55.901Z","7802","Hosting",,,"2021-05-20 12:29:56.268734","2021-05-20 12:29:56.268734"
"660","fzz9f-2021-05-20T12:30:26.522Z","7802","Goombay",,,"2021-05-20 12:30:26.830887","2021-05-20 12:30:26.830887"
"661","c8ddxxe-2021-05-20T12:30:48.380Z","7802","MaddSatadaze",,,"2021-05-20 12:30:48.651238","2021-05-20 12:30:48.651238"
"662","84w9o7-2021-05-20T12:33:32.296Z","7802","Birthday - Me",,,"2021-05-20 12:33:32.598195","2021-05-20 12:34:22.405816"
"663","qkbz2-2021-05-20T12:35:20.752Z","7802","Daughters",,,"2021-05-20 12:35:21.044028","2021-05-20 12:35:21.044028"
"1988","j3bhab-2022-07-06T08:54:42.222Z","16336","Posted ",,,"2022-07-06 08:54:42.771397","2022-07-06 08:54:42.771397"
"2174","lrmnxi-2022-08-25T20:59:56.437Z","12633","Hashtags ",,,"2022-08-25 20:59:56.665668","2023-02-12 14:51:16.283586"
"666","hj3dk7e-2021-05-20T14:34:23.281Z","9176","Negocio ",,,"2021-05-20 14:34:23.573567","2021-05-20 14:34:44.829257"
"667","2oe35q-2021-05-21T15:58:59.812Z","10290","Dogs",,,"2021-05-21 15:59:00.62146","2021-05-21 15:59:00.62146"
"668","unx8oc-2021-05-21T15:59:25.363Z","10290","Goats",,,"2021-05-21 15:59:25.64071","2021-05-21 15:59:25.64071"
"669","swj8vm-2021-05-21T15:59:30.203Z","10290","Sheep",,,"2021-05-21 15:59:30.497491","2021-05-21 15:59:30.497491"
"670","gt1i5c-2021-05-21T15:59:43.169Z","10290","Horses",,,"2021-05-21 15:59:43.439868","2021-05-21 15:59:43.439868"
"3705","2so4-2025-03-03T07:25:00.457Z","13804","MS",,,"2025-03-03 07:25:00.818309","2025-03-03 07:25:00.818309"
"672","71c3gs-2021-05-21T18:04:38.964Z","2924","Kundalini Rising ",,,"2021-05-21 18:04:39.499237","2021-05-21 18:04:39.499237"
"673","910ns-2021-05-22T00:46:32.809Z","9968","Posted",,,"2021-05-22 00:46:34.045599","2021-05-22 00:46:34.045599"
"674","mn9voh-2021-05-23T10:46:32.842Z","6962","Hola hola disney",,,"2021-05-23 10:46:33.132886","2021-05-23 10:46:33.132886"
"1994","vvk1p-2022-07-10T08:36:21.273Z","13552","TSTV",,,"2022-07-10 08:36:21.618966","2022-07-10 08:36:21.618966"
"676","nj1ged-2021-05-24T17:40:12.169Z","11147","Kyle",,,"2021-05-24 17:40:13.353705","2021-05-24 17:40:13.353705"
"677","yju0ia-2021-05-26T18:51:22.792Z","7480","Azotea",,,"2021-05-26 18:51:23.282616","2021-05-26 18:51:23.282616"
"678","gzt975-2021-05-26T18:53:10.944Z","7480","Ladybird",,,"2021-05-26 18:53:11.28328","2021-05-26 18:53:11.28328"
"679","umy2d-2021-05-26T18:54:13.566Z","7480","Yakitori Jinbei",,,"2021-05-26 18:54:13.889376","2021-05-26 18:54:13.889376"
"680","n17azb-2021-05-26T18:54:27.637Z","7480","BB",,,"2021-05-26 18:54:27.966446","2021-05-26 18:54:27.966446"
"681","fgsyyi-2021-05-26T18:59:59.324Z","7480","Golden Eagle",,,"2021-05-26 18:59:59.867445","2021-05-26 18:59:59.867445"
"682","2i6fav-2021-05-26T22:24:29.512Z","7157","Gratitude lifestyle",,"instagram","2021-05-26 22:24:30.138292","2021-05-26 22:24:30.138292"
"81","iadao7-2020-12-16T00:40:52.428Z","7157","Singlemummidom",,"instagram","2020-12-16 00:40:52.70194","2021-05-26 22:24:48.241167"
"683","o3bod-2021-05-27T12:00:05.634Z","12036","Magnetic",,,"2021-05-27 12:01:02.747447","2021-05-27 12:01:02.747447"
"684","ponkc6-2021-05-27T19:20:52.087Z","11815","Resilience Captions",,,"2021-05-27 19:20:52.430663","2021-05-27 19:20:52.430663"
"685","m60h05-2021-05-28T01:04:29.643Z","11815","Nutrition",,,"2021-05-28 01:04:30.049972","2021-05-28 01:04:30.049972"
"686","290s3-2021-05-28T08:20:28.288Z","11781","Videos Insta",,"instagram","2021-05-28 08:20:29.016337","2021-05-28 08:20:51.494136"
"687","r3dhh-2021-05-31T14:26:22.440Z","9522","Collabs",,,"2021-05-31 14:26:22.986484","2021-05-31 14:26:22.986484"
"688","zo3wds-2021-06-01T10:23:07.298Z","11389","MOEDARE",,"instagram","2021-06-01 10:23:07.978403","2021-06-01 10:23:07.978403"
"689","dop6o4-2021-06-01T22:03:14.859Z","12106","TheBrowContourist",,"instagram","2021-06-01 22:03:15.142077","2021-06-01 22:03:15.142077"
"690","6pjszd-2021-06-02T08:44:20.431Z","7020","Used Instagram Captions",,,"2021-06-02 08:44:20.733187","2021-06-02 08:44:20.733187"
"1999","a4au7-2022-07-13T10:27:38.930Z","8936","Pinterest Tags",,"pinterest","2022-07-13 10:27:39.198102","2022-07-13 10:27:39.198102"
"692","5rwvza-2021-06-03T21:02:55.846Z","10419","Bio",,"instagram","2021-06-03 21:02:56.844447","2021-06-03 21:02:56.844447"
"693","al18rp-2021-06-04T08:14:47.134Z","11138","Unused Captions ",,"instagram","2021-06-04 08:14:47.44491","2021-06-04 08:14:47.44491"
"694","fygcu-2021-06-04T13:06:02.448Z","7480","Bocado",,,"2021-06-04 13:06:02.857065","2021-06-04 13:06:02.857065"
"695","mx0yn-2021-06-04T13:08:37.649Z","7480","ATLFM",,,"2021-06-04 13:08:38.010859","2021-06-04 13:08:38.010859"
"2041","kyfdz-2022-07-22T13:44:16.140Z","12271","Ankahee Baatein What If ",,,"2022-07-22 13:44:16.452687","2022-07-22 13:44:16.452687"
"697","rdcsx9-2021-06-04T16:00:13.164Z","10459","Monday",,"instagram","2021-06-04 16:00:13.441318","2021-06-04 16:00:13.441318"
"698","5knqvc-2021-06-04T16:00:20.869Z","10459","Tuesday",,"instagram","2021-06-04 16:00:21.479961","2021-06-04 16:00:21.479961"
"699","hneb4-2021-06-04T16:00:28.278Z","10459","Wednesday",,"instagram","2021-06-04 16:00:28.873443","2021-06-04 16:00:28.873443"
"700","jguy9-2021-06-04T16:00:35.088Z","10459","Thursday",,"instagram","2021-06-04 16:00:35.700578","2021-06-04 16:00:35.700578"
"701","8gnvqr-2021-06-04T16:00:40.609Z","10459","Friday",,"instagram","2021-06-04 16:00:41.241973","2021-06-04 16:00:41.241973"
"702","a9ick5-2021-06-04T16:01:22.504Z","10459","Saturday",,"instagram","2021-06-04 16:01:23.118187","2021-06-04 16:01:23.118187"
"703","oz1lkk-2021-06-04T20:09:25.208Z","8688","Hashtags  10k-100k Posts",,,"2021-06-04 20:09:26.119067","2021-06-04 20:09:26.119067"
"2043","u7fnvp-2022-07-24T19:21:59.229Z","14973","BIO",,"instagram","2022-07-24 19:21:59.453629","2022-07-24 19:21:59.453629"
"705","sl5rvz-2021-06-05T18:12:23.950Z","12152","Snap-on Captions",,,"2021-06-05 18:13:09.765789","2021-06-05 18:13:09.765789"
"707","oxvda-2021-06-07T15:25:50.733Z","12181","Agency",,"instagram","2021-06-07 15:25:51.40184","2021-06-07 15:25:51.40184"
"709","8fymec-2021-06-07T16:32:55.319Z","1546","#",,,"2021-06-07 16:32:55.993743","2021-06-07 16:36:40.519921"
"2167","u6ygt-2022-08-19T14:13:51.782Z","17397","Business",,"instagram","2022-08-19 14:13:52.007306","2022-08-19 14:13:52.007306"
"713","0ombk-2021-06-07T17:56:20.857Z","12036","Public Speaking & Events",,,"2021-06-07 17:56:21.312462","2021-06-07 17:56:53.894019"
"714","9bovef-2021-06-08T12:03:49.317Z","6962","Bonjour Gabs",,,"2021-06-08 12:03:49.541846","2021-06-08 12:03:49.541846"
"716","6xkou-2021-06-08T13:28:16.283Z","12036","Magnetic Sales",,,"2021-06-08 13:28:16.816279","2021-06-08 13:28:16.816279"
"717","188hh9-2021-06-08T14:25:31.383Z","12024","Cftc",,,"2021-06-08 14:25:31.641186","2021-06-08 14:25:31.641186"
"719","7pcnn-2021-06-08T15:52:45.831Z","12024","Pruitthealth",,,"2021-06-08 15:52:46.612265","2021-06-08 15:52:46.612265"
"720","9nb9k7-2021-06-09T14:33:57.617Z","11147","David",,,"2021-06-09 14:33:58.141097","2021-06-09 14:33:58.141097"
"723","acedibj-2021-06-09T21:14:19.034Z","7071","CapehouseCocktails",,,"2021-06-09 21:14:19.479742","2021-06-09 21:14:19.479742"
"665","tgwwmi-2021-05-20T13:23:21.214Z","557","7ittleleaf",,"instagram","2021-05-20 13:23:21.565513","2021-08-29 18:24:35.876785"
"675","1l3qi-2021-05-23T17:58:46.490Z","11402","Organize Hero ",,,"2021-05-23 17:58:46.869908","2021-12-06 18:24:38.296863"
"706","77vamn-2021-06-07T14:43:03.554Z","12036","RISE Mastermind",,,"2021-06-07 14:43:04.118222","2021-06-10 12:56:40.148289"
"726","juaf5p-2021-06-11T23:27:19.842Z","6962","Mrs.Yellow",,,"2021-06-11 23:27:20.351467","2021-06-11 23:27:20.351467"
"3703","dotk08-2025-02-14T03:11:52.821Z","19430","Endless Joy",,,"2025-02-14 03:11:53.222506","2025-02-14 03:11:53.222506"
"728","zfarx-2021-06-12T16:49:36.359Z","3822","Lash Lift ",,,"2021-06-12 16:49:36.681861","2021-06-12 16:49:36.681861"
"729","gumk9m-2021-06-08T22:11:18.690Z","12271","An Kahi Baatein",,"instagram","2021-06-12 23:24:54.601342","2021-06-12 23:24:54.601342"
"731","k8ojns-2021-06-14T00:41:25.693Z","12206","The Mikesologist Reels",,"instagram","2021-06-14 00:41:26.022907","2021-06-14 00:41:26.022907"
"732","6oubb2-2021-06-15T14:56:07.283Z","11147","Oscar",,,"2021-06-15 14:56:07.557505","2021-06-15 14:56:07.557505"
"786","j2zeqq-2021-07-12T10:25:49.692Z","5943","OC BIOS ( Completed )",,,"2021-07-12 10:26:10.303419","2021-07-12 10:26:10.303419"
"3706","q0dw85-2025-03-07T20:18:36.761Z","28133","Glitter Oil",,,"2025-03-07 20:18:37.05955","2025-03-07 20:18:37.05955"
"787","v171q9-2021-07-12T10:25:29.025Z","5943","Editing",,,"2021-07-12 10:26:10.312462","2021-07-12 10:26:10.312462"
"644","fa2s5p-2021-05-13T15:10:10.780Z","11147","Chase",,,"2021-05-13 15:10:11.051056","2021-06-15 15:00:24.625573"
"733","b5s628-2021-06-16T17:33:06.898Z","12328","Health And Wellness Posts",,"instagram","2021-06-16 17:34:04.537055","2021-06-16 17:34:04.537055"
"734","4sln-2021-06-17T15:11:44.743Z","12311","PUBLISHED",,"instagram","2021-06-17 15:11:45.589314","2021-06-17 15:11:45.589314"
"735","eris4y-2021-06-17T18:35:04.972Z","6969","Mens",,,"2021-06-17 18:35:05.227541","2021-06-17 18:35:05.227541"
"736","41ayvg-2021-06-18T22:40:45.882Z","1410","DM Templates",,"instagram","2021-06-18 22:40:46.180027","2021-06-18 22:40:46.180027"
"737","5fc4da-2021-04-22T17:00:01.823Z","12364","Goodtread",,,"2021-06-19 12:35:30.894925","2021-06-19 12:35:30.894925"
"738","ennyg4-2021-04-22T16:59:37.614Z","12364","Ferintosh Primary",,,"2021-06-19 12:35:30.903648","2021-06-19 12:35:30.903648"
"1995","r1u3v-2022-07-10T20:12:21.396Z","12743","Ffxiv",,"instagram","2022-07-10 20:12:21.664712","2022-07-10 20:12:21.664712"
"740","k23y8-2021-06-20T21:35:55.947Z","9451","Gut Health",,,"2021-06-20 21:35:56.610851","2021-06-20 21:35:56.610851"
"741","135v2r-2021-06-22T01:57:00.859Z","9544","Team Posts",,,"2021-06-22 01:57:01.193855","2021-06-22 01:57:01.193855"
"742","bzl55j-2021-06-22T22:25:36.586Z","1839","Weightloss",,,"2021-06-22 22:25:37.233616","2021-06-22 22:25:37.233616"
"743","oczpym-2021-06-24T18:41:23.395Z","4506","LB",,,"2021-06-24 18:41:23.883116","2021-06-24 18:41:23.883116"
"744","3978nf-2021-06-25T09:04:36.796Z","12036","TimeWarp",,,"2021-06-25 09:04:37.108586","2021-06-25 09:04:37.108586"
"730","3e1t9-2021-06-13T12:34:31.558Z","12036","TAS Posts & Emails",,,"2021-06-13 12:34:31.901993","2021-06-25 09:05:14.098441"
"2000","b998jp-2022-07-13T17:42:46.298Z","11215","Future Posts",,,"2022-07-13 17:42:46.821459","2022-07-13 17:42:46.821459"
"746","qpmqvr-2021-06-26T17:56:58.858Z","12454","Instagram",,"instagram","2021-06-26 17:56:59.108913","2021-06-26 17:57:16.558471"
"2654","l37lul-2023-02-06T23:49:23.710Z","10597","Career ",,,"2023-02-06 23:49:23.924152","2023-02-06 23:49:23.924152"
"3707","8vrhoc-2025-03-19T01:28:58.464Z","282","Daily Fashion",,"instagram","2025-03-19 01:28:58.782669","2025-03-19 01:28:58.782669"
"2042","delp6h-2022-07-22T14:44:46.359Z","10419","Take Over ",,,"2022-07-22 14:44:46.62433","2022-07-22 14:44:46.62433"
"750","n47ise-2021-06-27T22:00:01.508Z","12470","Personal IG",,,"2021-06-27 22:00:01.868085","2021-06-27 22:00:01.868085"
"753","yu98vc-2021-06-28T19:46:44.658Z","11815","Goals",,,"2021-06-28 19:46:45.25247","2021-06-28 19:46:45.25247"
"754","vmzlq-2021-06-28T19:46:54.449Z","11815","Podcast",,,"2021-06-28 19:46:54.798094","2021-06-28 19:46:54.798094"
"755","r05pgo-2021-06-28T19:47:05.209Z","11815","Fitness",,,"2021-06-28 19:47:05.538763","2021-06-28 19:47:05.538763"
"756","rfgzis-2021-06-28T19:47:12.833Z","11815","Habits",,,"2021-06-28 19:47:13.094949","2021-06-28 19:47:13.094949"
"757","bvou7-2021-06-28T19:47:28.518Z","11815","Self love Gratitude",,,"2021-06-28 19:47:28.881869","2021-06-28 19:47:28.881869"
"758","lx5otg-2021-06-28T19:49:05.677Z","11815","Weekend Vibes",,,"2021-06-28 19:49:05.947994","2021-06-28 19:49:05.947994"
"759","pkaod-2021-06-28T19:49:47.512Z","11815","Soul",,,"2021-06-28 19:49:47.864519","2021-06-28 19:49:47.864519"
"760","7gfo9-2021-06-28T19:50:50.271Z","11815","Mind",,,"2021-06-28 19:50:50.603555","2021-06-28 19:50:50.603555"
"761","aulgl-2021-06-28T19:51:31.033Z","11815","Personal",,,"2021-06-28 19:51:31.378163","2021-06-28 19:51:31.378163"
"762","j2b5uo-2021-06-29T07:38:07.722Z","9728","Club","402",,"2021-06-29 07:38:08.368","2021-06-29 07:38:08.368"
"763","j8nr2m-2021-06-29T23:03:16.181Z","12206","Blog Quote",,"instagram","2021-06-29 23:03:16.626646","2021-06-29 23:03:16.626646"
"764","en8gga-2021-06-30T19:31:01.506Z","12522","Prelaunch Intro Caption",,,"2021-06-30 19:31:02.625562","2021-06-30 19:31:02.625562"
"765","39sy7-2021-06-30T23:16:19.443Z","10534","BDG-IG","408","instagram","2021-06-30 23:16:19.810916","2021-06-30 23:16:19.810916"
"766","2w85k4-2021-06-30T23:16:59.118Z","10534","BDG-TT","408","tiktok","2021-06-30 23:16:59.486778","2021-06-30 23:16:59.486778"
"767","hfz2l-2021-06-30T23:17:29.601Z","10534","BDG-TW","408","twitter","2021-06-30 23:17:29.98638","2021-06-30 23:17:29.98638"
"768","5euoai-2021-06-30T23:17:57.176Z","10534","BDG-CH","408","clubhouse","2021-06-30 23:17:57.541934","2021-06-30 23:17:57.541934"
"769","xnyyc-2021-06-30T23:18:18.758Z","10534","BDG-FB","408","facebook","2021-06-30 23:18:19.107899","2021-06-30 23:18:19.107899"
"770","vl56j-2021-07-01T02:51:47.069Z","11215","ALD",,,"2021-07-01 02:51:47.713688","2021-07-01 02:51:47.713688"
"771","au6bz4-2021-07-01T06:34:21.834Z","12530","Rbiz",,,"2021-07-01 06:34:23.30659","2021-07-01 06:34:23.30659"
"772","i7dm3m-2021-07-01T12:10:10.216Z","12522","Inspirational",,,"2021-07-01 12:10:10.60955","2021-07-01 12:10:10.60955"
"773","05juym-2021-07-01T20:04:46.507Z","3715","Linkedin",,,"2021-07-01 20:04:46.99716","2021-07-01 20:04:46.99716"
"774","n9kny-2021-07-03T16:10:53.025Z","12559","Seat Saarland",,"instagram","2021-07-03 16:10:53.496148","2021-07-03 16:10:53.496148"
"776","6ovkt-2021-07-04T07:36:13.303Z","9886","Cap",,,"2021-07-04 07:36:13.851324","2021-07-04 07:36:13.851324"
"2044","qb8tyu-2022-07-26T13:46:07.445Z","14973","Ig Group",,"instagram","2022-07-26 13:46:07.727571","2022-07-26 13:46:07.727571"
"778","qunihh-2021-07-04T15:44:36.706Z","364","Ruth ",,,"2021-07-04 15:44:38.030138","2021-07-04 15:44:38.030138"
"779","0qstm-2021-07-05T03:40:24.014Z","12024","The Mothers Dance ",,,"2021-07-05 03:40:24.332814","2021-07-05 03:40:24.332814"
"780","n05g3x-2021-07-05T13:59:44.654Z","10316","#rundopey",,,"2021-07-05 13:59:45.138659","2021-07-05 13:59:45.138659"
"781","4n6dkh-2021-07-06T01:37:09.384Z","9284","Drafts",,,"2021-07-06 01:37:09.666763","2021-07-06 01:37:09.666763"
"782","2tuj6q-2021-07-06T01:37:58.754Z","9284","Posted",,,"2021-07-06 01:37:59.110801","2021-07-06 01:37:59.110801"
"2063","0ywrna-2022-08-06T18:34:24.194Z","13780","Mental Health Quotes",,,"2022-08-06 18:34:24.480302","2022-08-06 18:34:24.480302"
"751","ozonor-2021-06-27T22:00:08.436Z","12470","The Dry List",,,"2021-06-27 22:00:08.762684","2024-06-21 19:13:26.342456"
"785","iyo2cb-2021-07-09T20:59:00.452Z","364","Vinted ",,,"2021-07-09 20:59:01.681115","2021-07-09 20:59:01.681115"
"788","mkvrhk-2021-07-15T11:04:03.396Z","364","Casualetvintage",,,"2021-07-15 11:04:04.468799","2021-07-15 11:04:04.468799"
"789","nlc7i4-2021-07-15T18:13:43.377Z","12754","Admireme",,,"2021-07-15 18:13:43.754927","2021-07-15 18:13:43.754927"
"790","w23g4-2021-07-15T20:34:31.617Z","12576","Used",,"instagram","2021-07-15 20:34:31.944988","2021-07-15 20:34:31.944988"
"791","ts053b-2021-07-15T20:54:43.466Z","12757","INSTA DRAFTS",,"instagram","2021-07-15 20:54:44.004308","2021-07-15 20:54:44.004308"
"792","oz0bl-2021-07-15T23:22:15.617Z","12576","Rejected",,"instagram","2021-07-15 23:22:15.983967","2021-07-15 23:22:15.983967"
"794","4qt7fk-2021-07-17T10:15:53.274Z","12779","YouTube",,"youtube","2021-07-17 10:15:53.683322","2021-07-17 10:15:53.683322"
"795","vt7pob-2021-07-17T11:31:04.838Z","12036","Divinity Reclamation Masterclass",,,"2021-07-17 11:31:06.115817","2021-07-17 11:31:06.115817"
"796","mshwoe-2021-05-01T06:06:24.067Z","12782","Done",,,"2021-07-17 16:40:20.482331","2021-07-17 16:40:20.482331"
"797","yu0td8-2021-04-26T17:24:40.721Z","12782","Vid Write Ups",,,"2021-07-17 16:40:20.491246","2021-07-17 16:40:20.491246"
"798","kybq34-2021-04-26T17:15:59.268Z","12782","Elemental A",,,"2021-07-17 16:40:20.499385","2021-07-17 16:40:20.499385"
"775","qbykrl-2021-07-03T16:11:11.173Z","12559","Trvling_carbuddy",,"instagram","2021-07-03 16:11:11.736069","2021-09-16 13:22:38.645628"
"749","wqozdw-2021-06-27T21:59:40.701Z","12470","R&R",,,"2021-06-27 21:59:40.947071","2022-02-14 23:02:07.304541"
"799","cfqu5-2021-04-26T17:15:35.103Z","12782","Sign Offs",,,"2021-07-17 16:40:20.507303","2021-07-17 16:40:20.507303"
"800","ui1iyz-2021-07-17T20:06:32.675Z","3759","Estepona ",,,"2021-07-17 20:06:33.342743","2021-07-17 20:06:33.342743"
"801","krs1n-2021-07-17T20:07:20.098Z","3759","Labr Sport",,,"2021-07-17 20:07:20.743717","2021-07-17 20:07:20.743717"
"802","266owl-2021-07-17T20:07:28.201Z","3759","Labr Offers ",,,"2021-07-17 20:07:28.545567","2021-07-17 20:07:28.545567"
"803","q3knjk-2021-07-17T20:08:40.541Z","3759","Labr Events",,,"2021-07-17 20:08:40.891782","2021-07-17 20:08:40.891782"
"804","se57fg-2021-07-17T20:09:38.320Z","3759","Metro Guard",,,"2021-07-17 20:09:38.955329","2021-07-17 20:09:38.955329"
"805","m56y2i-2021-07-17T20:10:40.992Z","3759","Metro Guard Jobs",,,"2021-07-17 20:10:41.620857","2021-07-17 20:10:41.620857"
"806","032hd-2021-07-17T20:13:40.101Z","3759","TClass ",,,"2021-07-17 20:13:40.447204","2021-07-17 20:13:40.447204"
"807","1ua9r1-2021-07-17T20:15:21.317Z","3759","TClass Views",,,"2021-07-17 20:15:21.983056","2021-07-17 20:15:21.983056"
"808","yv9rz-2021-07-17T20:32:08.666Z","3759","Labr Takeaways",,,"2021-07-17 20:32:09.007501","2021-07-17 20:32:09.007501"
"809","l0ii8f-2021-07-17T20:32:35.035Z","3759","TClass Jobs",,,"2021-07-17 20:32:35.661693","2021-07-17 20:32:35.661693"
"811","zikzhr-2021-07-17T20:34:33.003Z","3759","Labr Jobs",,,"2021-07-17 20:34:33.407463","2021-07-17 20:34:33.407463"
"812","ogzxal-2021-07-17T20:37:11.161Z","3759","Metro Guard Twitter",,,"2021-07-17 20:37:11.80943","2021-07-17 20:37:11.80943"
"813","4vx5nn-2021-07-17T20:39:17.671Z","3759","WV Business",,,"2021-07-17 20:39:18.303324","2021-07-17 20:39:18.303324"
"814","ikpqqw-2021-07-17T20:39:45.019Z","3759","Labr Roasts",,,"2021-07-17 20:39:45.646991","2021-07-17 20:39:45.646991"
"815","ub9hse-2021-07-17T20:40:56.868Z","3759","WV Views",,,"2021-07-17 20:40:57.218564","2021-07-17 20:40:57.218564"
"816","2znp3-2021-07-17T20:48:07.385Z","3759","Labr General",,,"2021-07-17 20:48:07.994338","2021-07-17 20:48:07.994338"
"817","13reit-2021-07-17T20:49:53.695Z","3759","Metro Guard Sport",,,"2021-07-17 20:49:54.331118","2021-07-17 20:49:54.331118"
"818","2flw7c-2021-07-17T20:51:28.867Z","3759","Metro Guard Success",,,"2021-07-17 20:51:29.504814","2021-07-17 20:51:29.504814"
"819","ynob7-2021-07-17T20:52:02.192Z","3759","TClass Success",,,"2021-07-17 20:52:02.560816","2021-07-17 20:52:18.311522"
"820","hgszb-2021-07-17T20:54:38.124Z","3759","WV Pubs",,,"2021-07-17 20:54:38.7727","2021-07-17 20:54:38.7727"
"821","vyniod-2021-07-17T20:56:21.750Z","3759","TClass Sport",,,"2021-07-17 20:56:22.11972","2021-07-17 20:56:22.11972"
"822","b9713bt-2021-07-17T21:06:35.487Z","3759","TClass Covid",,,"2021-07-17 21:06:35.844744","2021-07-17 21:06:35.844744"
"823","ync2dc-2021-07-17T21:07:33.693Z","3759","Metro Guard Covid",,,"2021-07-17 21:07:34.330167","2021-07-17 21:07:34.330167"
"824","guuhfs-2021-07-17T21:08:21.190Z","3759","TClass International Womens Day",,,"2021-07-17 21:08:21.557644","2021-07-17 21:08:21.557644"
"825","0w8qrg-2021-07-17T21:08:45.953Z","3759","Metro Guard International Womens Day",,,"2021-07-17 21:08:46.625411","2021-07-17 21:08:46.625411"
"826","jsunpb-2021-07-17T21:14:26.594Z","3759","WV Crisis",,,"2021-07-17 21:14:26.954066","2021-07-17 21:14:26.954066"
"827","q6vr5p-2021-07-17T21:20:55.707Z","3759","Labr Covid",,,"2021-07-17 21:20:56.313934","2021-07-17 21:20:56.313934"
"828","pmey7b-2021-07-17T21:28:05.936Z","3759","Metro Guard Special Occasions",,,"2021-07-17 21:28:06.615607","2021-07-17 21:28:06.615607"
"829","ip8en-2021-07-17T21:28:52.089Z","3759","Labr Special Occasions",,,"2021-07-17 21:28:52.482135","2021-07-17 21:28:52.482135"
"830","n9f52-2021-07-17T21:29:32.284Z","3759","TClass Special Occasions",,,"2021-07-17 21:29:32.967484","2021-07-17 21:29:32.967484"
"831","pf41i-2021-07-17T21:29:48.254Z","3759","WV Special Occasions",,,"2021-07-17 21:29:48.895075","2021-07-17 21:29:48.895075"
"832","fse6j-2021-07-17T21:31:33.620Z","3759","Metro Guard Christmas Ads",,,"2021-07-17 21:31:34.269227","2021-07-17 21:31:34.269227"
"833","b1vxe-2021-07-17T21:32:01.158Z","3759","Labr Christmas",,,"2021-07-17 21:32:01.825454","2021-07-17 21:32:01.825454"
"834","epet8-2021-07-17T21:35:15.326Z","3759","WV Christmas",,,"2021-07-17 21:35:16.244453","2021-07-17 21:35:16.244453"
"835","drn75-2021-07-17T21:37:02.999Z","3759","TClass Christmas ",,,"2021-07-17 21:37:03.92572","2021-07-17 21:37:03.92572"
"810","5u2u2m-2021-07-17T20:33:47.280Z","3759","Labr Cancelations/changes",,,"2021-07-17 20:33:47.919831","2021-07-17 22:10:56.079826"
"836","2owx7e-2021-07-17T22:19:16.224Z","3759","Pub Views",,,"2021-07-17 22:19:16.839798","2021-07-17 22:19:16.839798"
"837","urx6g-2021-07-17T22:20:16.707Z","3759","BLM",,,"2021-07-17 22:20:17.453267","2021-07-17 22:20:17.453267"
"838","j4aaho-2021-07-17T22:58:30.574Z","3759","TClass New Staff",,,"2021-07-17 22:58:31.43004","2021-07-17 22:58:31.43004"
"839","idi5s-2021-07-17T23:10:04.766Z","3759","Labr Staff",,,"2021-07-17 23:10:05.605312","2021-07-17 23:10:05.605312"
"840","k84lsr-2021-07-17T23:16:26.747Z","3759","WV Events",,,"2021-07-17 23:16:27.602982","2021-07-17 23:16:27.602982"
"841","vo4aio-2021-07-17T23:17:27.362Z","3759","Labr Community/Crisis",,,"2021-07-17 23:17:28.057953","2021-07-17 23:17:28.057953"
"842","lbfbpj-2021-07-17T23:29:54.504Z","3759","WV Halloween",,,"2021-07-17 23:29:55.162811","2021-07-17 23:29:55.162811"
"875","h50hgo-2021-07-19T10:06:22.734Z","12024","Sophisticated Silly",,,"2021-07-19 10:06:23.108039","2021-07-19 10:06:23.108039"
"876","8mdvow-2021-07-19T11:41:42.284Z","12834","Xxx",,"instagram","2021-07-19 11:41:45.095076","2021-07-19 11:41:45.095076"
"3708","4tvqpm-2025-03-31T19:46:04.742Z","28133","Jar Sizes",,,"2025-03-31 19:46:05.056186","2025-03-31 19:46:05.056186"
"884","le4osf-2021-07-20T18:39:21.933Z","6109","Supernatural",,,"2021-07-20 18:39:22.2875","2021-07-20 18:39:22.2875"
"885","ln7bmr-2021-07-20T18:42:40.025Z","6109","Tvdspins",,,"2021-07-20 18:42:40.396898","2021-07-20 18:42:40.396898"
"886","7x337g-2021-07-20T18:43:43.973Z","6109","Others",,,"2021-07-20 18:43:44.335604","2021-07-20 18:43:44.335604"
"887","c5bu7k-2021-07-23T12:50:09.041Z","10534","BDG-LI","408","linkedin","2021-07-23 12:50:09.289972","2021-07-23 12:50:09.289972"
"2001","c601i-2022-07-13T17:43:08.214Z","11215","Posted",,,"2022-07-13 17:43:08.497851","2022-07-13 17:43:08.497851"
"2002","xle418-2022-07-13T17:43:39.489Z","11215","EI",,,"2022-07-13 17:43:39.78249","2022-07-13 17:43:39.78249"
"2380","sxirv-2022-11-02T02:59:18.292Z","13118","herbs",,,"2022-11-02 02:59:18.988328","2022-11-02 02:59:18.988328"
"2382","yluruu-2022-11-02T02:59:38.385Z","13118","macros",,,"2022-11-02 02:59:39.069078","2022-11-02 02:59:39.069078"
"2538","s6algm-2023-01-03T01:12:22.736Z","12576","Promo",,,"2023-01-03 01:12:22.954954","2023-01-03 01:12:22.954954"
"2599","ldfj8j-2023-01-27T23:36:36.873Z","1960","App",,,"2023-01-27 23:36:37.108586","2023-01-27 23:36:37.108586"
"2671","55uezp-2023-02-12T15:40:12.426Z","20280","Youtube",,,"2023-02-12 15:40:12.652225","2023-02-12 15:40:12.652225"
"904","bm4ec-2021-07-25T09:23:24.355Z","12898","@bokatattooing","899","instagram","2021-07-25 09:23:25.056979","2021-07-25 09:23:25.056979"
"895","nfqgy-2021-07-25T00:49:58.344Z","12910","Eh?",,"youtube","2021-07-25 00:49:58.65986","2021-07-25 00:49:58.65986"
"899","1yapwq-2021-07-25T09:17:54.314Z","12898","Press + Insta",,"instagram","2021-07-25 09:17:54.96219","2021-07-25 09:17:54.96219"
"900","v7dr3b-2021-07-25T09:18:19.392Z","12898","@thtattoos","899","instagram","2021-07-25 09:18:19.692815","2021-07-25 09:18:19.692815"
"901","l5mxj-2021-07-25T09:19:50.552Z","12898","@yumarutattoo.rj","899","instagram","2021-07-25 09:19:51.259858","2021-07-25 09:19:51.259858"
"902","8kecvr-2021-07-25T09:20:05.561Z","12898","@mineiro_tattoo","899","instagram","2021-07-25 09:20:05.85777","2021-07-25 09:20:05.85777"
"903","y5p2s-2021-07-25T09:23:09.973Z","12898","@guilherme_tattoo","899","instagram","2021-07-25 09:23:10.719233","2021-07-25 09:23:10.719233"
"905","jyifi-2021-07-25T09:23:35.687Z","12898","@raphapontesrj","899","instagram","2021-07-25 09:23:36.355122","2021-07-25 09:23:36.355122"
"906","1ifpi-2021-07-25T09:23:50.920Z","12898","@isabelabadinitattoo","899","instagram","2021-07-25 09:23:51.580257","2021-07-25 09:23:51.580257"
"907","5fge3m-2021-07-25T09:24:01.541Z","12898","@lourenco_art_tattoo","899","instagram","2021-07-25 09:24:02.246705","2021-07-25 09:24:02.246705"
"908","lov8jl-2021-07-25T09:24:12.962Z","12898","@guifsalles.tattoo","899","instagram","2021-07-25 09:24:13.673433","2021-07-25 09:24:13.673433"
"909","jot5i8-2021-07-25T09:24:21.656Z","12898","@aero.reall_tattoo","899","instagram","2021-07-25 09:24:22.359648","2021-07-25 09:24:22.359648"
"910","q09ll-2021-07-25T09:24:35.404Z","12898","@nilton_medis","899","instagram","2021-07-25 09:24:36.135668","2021-07-25 09:24:36.135668"
"912","kihri9-2021-07-25T09:24:55.635Z","12898","@brunomoreirastudio","899","instagram","2021-07-25 09:24:56.30164","2021-07-25 09:24:56.30164"
"914","b2835-2021-07-25T09:25:13.924Z","12898","@aaron.tattoo","899","instagram","2021-07-25 09:25:14.632622","2021-07-25 09:25:14.632622"
"915","w4i0gd-2021-07-25T09:25:23.468Z","12898","@fabianotattoolab","899","instagram","2021-07-25 09:25:24.208491","2021-07-25 09:25:24.208491"
"3704","sbzk2s-2025-02-16T21:41:09.911Z","11521","Promesas",,,"2025-02-16 21:41:10.430572","2025-04-01 13:32:55.713938"
"3709","mtdm38-2025-04-10T21:40:09.707Z","5513","Between The Covers: Stories of Who I’ve Met, Where I’ve Been, and What I’ve Learned Through Books",,,"2025-04-10 21:40:10.539784","2025-04-10 21:40:10.539784"
"2003","rxrwm4-2022-07-13T21:14:58.892Z","16900","Bio",,"instagram","2022-07-13 21:14:59.477119","2022-07-13 21:14:59.477119"
"2045","q8uceul-2022-07-26T14:39:36.553Z","820","ACADEMY POLLS",,,"2022-07-26 14:39:37.080143","2022-07-26 14:39:37.080143"
"2064","p8uihd-2022-08-06T20:55:38.182Z","17201","Veneer",,"instagram","2022-08-06 20:55:39.171881","2022-08-06 20:55:39.171881"
"3710","j4u7yv-2025-04-14T16:09:38.483Z","30277","OTT Pic Captions",,"instagram","2025-04-14 16:09:38.905915","2025-04-14 16:09:38.905915"
"3712","f75ste-2025-04-22T05:49:01.948Z","15022","Podcast ",,,"2025-04-22 05:49:02.28358","2025-04-22 05:49:02.28358"
"2616","z9xwhd-2023-02-04T09:53:37.391Z","14203","Interiors","1998",,"2023-02-04 09:53:37.667038","2023-02-04 09:53:37.667038"
"2168","qjbq9q-2022-08-20T19:36:54.698Z","16910","Offer Form Email",,,"2022-08-20 19:36:54.963861","2022-08-20 19:36:54.963861"
"2653","z9l2s05-2023-02-06T19:42:28.788Z","19775","Captions",,"instagram","2023-02-06 19:42:29.231316","2023-02-06 19:42:29.231316"
"3713","0c6yz-2025-04-29T15:15:09.322Z","30277","Occuupy The Time",,"tiktok","2025-04-29 15:15:09.630709","2025-04-29 15:15:09.630709"
"3715","yyz8s4-2025-05-16T19:56:01.076Z","11521","Podcast",,,"2025-05-16 19:56:01.528424","2025-05-16 19:56:01.528424"
"3716","ef06eq-2025-06-04T11:17:48.411Z","29465","rhonda 2",,,"2025-06-04 11:17:49.780742","2025-06-04 11:17:49.780742"
"2298","m1cfy-2022-10-12T21:26:18.391Z","12470","✨ Giveaways","751",,"2022-10-12 21:26:18.683882","2022-10-12 21:31:50.154765"
"2317","ftbe3o-2022-10-20T16:39:49.462Z","17430","Unravel & Reveal",,,"2022-10-20 16:39:49.702546","2022-10-20 16:39:49.702546"
"363","xtyds-2021-02-28T05:55:02.385Z","557","yukonji.star",,"instagram","2021-02-28 05:55:02.919306","2025-12-01 08:47:07.276674"
"2336","ck70i-2022-10-27T16:05:35.148Z","12271","Ankahee Baatein Season 2 ",,,"2022-10-27 16:05:35.40133","2022-10-27 16:05:35.40133"
"2381","idxkfn-2022-11-02T02:59:27.316Z","13118","nutrients",,,"2022-11-02 02:59:28.000865","2022-11-02 02:59:28.000865"
"2383","j6yd2k-2022-11-02T03:00:32.192Z","13118","gut / accessory organs",,,"2022-11-02 03:00:32.93219","2022-11-02 09:40:28.357536"
"2415","q897ai-2022-11-14T22:20:48.050Z","18652","Jasmine","2413","instagram","2022-11-14 22:20:48.308642","2022-11-14 22:20:48.308642"
"2417","px3da8-2022-11-14T22:21:41.154Z","18652","Richard Hoover","2413","instagram","2022-11-14 22:21:41.411363","2022-11-14 22:21:41.411363"
"2433","2sjir-2022-11-22T14:45:34.669Z","197","BREAKING BAD","1344",,"2022-11-22 14:45:34.976402","2022-11-22 14:45:34.976402"
"2434","awrnty-2022-11-22T14:47:19.545Z","197","OBJETOS","1344",,"2022-11-22 14:47:19.836174","2022-11-22 14:47:19.836174"
"2436","iqzw6ie-2022-11-22T15:09:08.726Z","197","CRIMINAL MINDS","1344",,"2022-11-22 15:09:09.017142","2022-11-22 15:09:09.017142"
"2659","st0coo-2023-02-08T14:28:06.170Z","20152","Real Estate",,,"2023-02-08 14:28:06.421694","2023-02-08 14:28:06.421694"
"2447","1va7ou-2022-11-27T22:09:08.639Z","18790","Product","2442",,"2022-11-27 22:09:08.860189","2022-11-27 22:09:45.403961"
"2463","2yfdyn-2022-11-28T03:48:36.758Z","18790","Interaction","2461",,"2022-11-28 03:48:37.298283","2022-11-28 03:48:37.298283"
"2475","itsdyc-2022-11-30T01:34:10.591Z","18678","MINI WINS",,,"2022-11-30 01:34:11.317875","2022-11-30 01:34:11.317875"
"2483","4yvkrj-2022-12-04T04:03:43.207Z","10503","Navidad",,"instagram","2022-12-04 04:03:43.474741","2022-12-04 04:03:43.474741"
"2490","1l73bl-2021-11-29T00:23:38.667Z","18886","Pageants",,"instagram","2022-12-05 13:16:19.181367","2022-12-05 13:16:19.181367"
"2494","l9anwo-2022-12-10T13:58:13.244Z","6631","Biografie","2492","instagram","2022-12-10 13:58:13.560253","2022-12-10 13:58:13.560253"
"2500","30a2cq-2022-12-12T20:10:31.881Z","7480","Ranger station",,,"2022-12-12 20:10:32.173308","2022-12-12 20:10:32.173308"
"2501","cl1ui-2022-12-13T10:48:35.893Z","4886","Retail Santé",,"instagram","2022-12-13 10:48:36.153228","2022-12-13 10:48:36.153228"
"2502","upbj1-2022-12-15T13:29:09.481Z","18865","Ready To Use ",,,"2022-12-15 13:29:09.864634","2022-12-15 13:29:09.864634"
"2514","qn369k-2022-12-20T18:21:09.689Z","11019","RFC Content ",,"instagram","2022-12-20 18:21:10.015635","2022-12-20 18:21:10.015635"
"2523","ittr1n-2022-12-21T16:28:24.233Z","18652","Your Shoot",,"instagram","2022-12-21 16:28:25.48923","2022-12-21 16:28:25.48923"
"2526","qjyxyg-2022-12-27T16:04:34.347Z","12633","Total body reset",,,"2022-12-27 16:04:34.804481","2022-12-27 16:04:34.804481"
"2527","stswyr-2022-12-27T16:05:00.259Z","12633","30 Days Coaching ",,,"2022-12-27 16:05:00.507615","2022-12-27 16:05:00.507615"
"2539","uwlw7q-2023-01-03T01:14:53.007Z","12576","Personal",,,"2023-01-03 01:14:53.333696","2023-01-03 01:14:53.333696"
"2554","8xmb-2023-01-05T05:23:37.543Z","17179","Designer",,"instagram","2023-01-05 05:23:37.875624","2023-01-05 05:23:37.875624"
"2582","rfldvf-2023-01-17T03:39:31.951Z","19545","Motivational ",,,"2023-01-17 03:39:32.256403","2023-01-17 03:39:32.256403"
"2600","bleevc-2023-01-28T21:17:58.183Z","19663","Ig",,"instagram","2023-01-28 21:17:58.419639","2023-01-28 21:17:58.419639"
"2607","6qadtj-2023-01-30T04:50:02.074Z","19662","ATW",,"clubhouse","2023-01-30 04:50:02.522218","2023-01-30 04:50:02.522218"
"2613","m3hdgn-2023-02-04T09:51:47.897Z","14203","Cocktails","1998",,"2023-02-04 09:51:48.481323","2023-02-04 09:51:48.481323"
"2615","6u67e-2023-02-04T09:52:11.111Z","14203","Life","1998",,"2023-02-04 09:52:11.38959","2023-02-04 09:52:11.38959"
"2775","3ffgkf-2023-03-18T12:34:08.601Z","20191","Cwm",,,"2023-03-18 12:34:08.845207","2023-03-18 12:34:08.845207"
"2780","hsvbx-2023-03-23T20:11:28.928Z","15022","Health ",,,"2023-03-23 20:11:29.614458","2023-03-23 20:11:29.614458"
"2781","bdtfo-2023-03-29T11:28:47.336Z","7480","Citizens",,,"2023-03-29 11:28:47.536641","2023-03-29 11:28:47.536641"
"2691","8xzwi-2023-02-26T01:42:53.743Z","2629","Incomplete Ideas",,,"2023-02-26 01:42:54.030069","2023-02-26 01:42:54.030069"
"2700","c11vpv-2023-03-02T18:06:24.791Z","12633","Model",,,"2023-03-02 18:06:25.761996","2023-03-02 18:06:25.761996"
"2706","58pat-2023-03-07T03:19:42.402Z","18934","Random",,,"2023-03-07 03:19:42.626078","2023-03-07 03:19:42.626078"
"2712","uunv-2023-03-11T22:03:39.489Z","20797","Beauty Tips ",,,"2023-03-11 22:03:39.746551","2023-03-11 22:03:39.746551"
"2719","n9t442-2023-03-12T08:01:48.575Z","20797","Mindfulness",,,"2023-03-12 08:01:48.917026","2023-03-12 08:01:48.917026"
"2726","ov0mj-2023-03-12T09:29:37.135Z","20797","Sunday ",,,"2023-03-12 09:29:37.466731","2023-03-12 09:29:37.466731"
"2739","x0yqti-2023-03-14T12:26:13.809Z","16910","Referrals ",,,"2023-03-14 12:26:14.361405","2023-03-14 12:26:14.361405"
"2770","ywefce-2023-03-16T18:14:25.831Z","8515","Epiphany",,,"2023-03-16 18:14:27.055435","2023-03-16 18:14:27.055435"
"2786","so69sh-2023-04-01T15:54:46.222Z","7480","Forum Cocktail Co",,,"2023-04-01 15:54:46.519364","2023-04-01 15:54:46.519364"
"2792","l5ajid-2023-04-02T18:49:08.314Z","20797","Self Love",,,"2023-04-02 18:49:08.688356","2023-04-02 18:49:08.688356"
"2800","9oahv-2023-04-04T15:39:46.133Z","15022","Newsletter",,,"2023-04-04 15:39:46.380174","2023-04-04 15:39:46.380174"
"2803","tnsr9i-2023-04-04T21:38:09.382Z","14203","quotes","1386",,"2023-04-04 21:38:09.760392","2023-04-04 21:38:09.760392"
"2807","odim7j-2023-04-08T14:22:36.582Z","21583","Puppies",,"instagram","2023-04-08 14:22:36.986527","2023-04-08 14:22:36.986527"
"2732","b63ma-2023-03-13T07:26:29.653Z","508","Avisena Specialist",,,"2023-03-13 07:26:30.007236","2024-03-02 10:12:32.324637"
"2810","3tmrqk-2023-04-09T17:26:15.565Z","18797","Business Content Captions",,"instagram","2023-04-09 17:26:15.913959","2023-04-09 17:26:15.913959"
"2814","l6x31-2023-04-11T14:05:47.740Z","9100","Esmeralda","2663",,"2023-04-11 14:05:48.078834","2023-04-11 14:05:48.078834"
"2824","qng6ja-2023-04-14T16:07:12.254Z","9560","Used",,,"2023-04-14 16:07:12.619706","2023-04-14 16:07:12.619706"
"913","pnzkel-2021-07-25T09:25:04.916Z","12898","@elienaitattoo","899","instagram","2021-07-25 09:25:05.567436","2021-07-25 09:25:05.567436"
"506","ao0usg-2021-02-17T14:16:35.311Z","11147","Abdiel",,,"2021-04-02 14:25:17.3263","2021-07-26 14:50:36.475368"
"916","wp8lck-2021-07-26T23:18:10.778Z","11147","Josh",,,"2021-07-26 23:18:10.99312","2021-07-26 23:18:10.99312"
"3711","a6snk5-2025-04-14T17:32:20.652Z","30277","OTT Blog Captions",,"instagram","2025-04-14 17:32:21.234735","2025-04-14 18:29:33.356099"
"918","y373e7-2021-07-27T17:19:43.224Z","10577","Google Calendar Discriptions",,,"2021-07-27 17:19:43.642417","2021-07-27 17:19:43.642417"
"919","40pya3-2021-07-28T22:37:19.581Z","11395","JERRY",,,"2021-07-28 22:37:19.90962","2021-07-28 22:37:19.90962"
"920","qeeqjh-2021-07-28T22:39:16.329Z","11395","ENDO",,,"2021-07-28 22:39:16.710811","2021-07-28 22:39:16.710811"
"921","u7pr34-2021-07-29T07:41:08.103Z","12986","Sew Allsorts",,"instagram","2021-07-29 07:49:28.010726","2021-07-29 07:49:28.010726"
"954","d5l51p-2021-07-31T10:32:16.042Z","12898","tatuadorescampinas",,"instagram","2021-07-31 10:32:16.764078","2021-07-31 10:32:35.884355"
"955","5nfzzq-2021-08-01T20:32:18.010Z","13062","norrim_edc",,,"2021-08-01 20:32:18.41461","2021-08-01 20:32:18.41461"
"956","zid6mr-2021-08-01T20:32:48.071Z","13062","JustHankinOut",,,"2021-08-01 20:32:48.471867","2021-08-01 20:32:48.471867"
"957","ohgwp-2021-08-01T20:32:59.390Z","13062","norrimtx",,,"2021-08-01 20:32:59.766431","2021-08-01 20:32:59.766431"
"958","8lkwpv-2021-08-02T00:25:41.608Z","13065","Archives",,"instagram","2021-08-02 00:34:07.309745","2021-08-02 00:34:07.309745"
"2004","nibhe-2022-07-14T18:04:47.731Z","15373","Affliate links",,"instagram","2022-07-14 18:04:48.059285","2022-07-14 18:04:48.059285"
"3714","4iabga-2025-04-29T18:54:59.779Z","30277","OTT Devos",,,"2025-04-29 18:55:00.002984","2025-04-29 18:55:00.002984"
"961","cdjfqm-2021-08-03T22:09:47.590Z","13100","Glass Woman ",,"instagram","2021-08-03 22:09:48.139891","2021-08-03 22:09:48.139891"
"962","gcmd2-2021-08-03T22:40:48.738Z","7727","Edit",,,"2021-08-03 22:40:48.97348","2021-08-03 22:40:48.97348"
"963","fp21gv-2021-08-04T20:21:57.242Z","514","Sex",,,"2021-08-04 20:21:58.129901","2021-08-04 20:21:58.129901"
"3717","m0gmyh-2025-06-09T01:29:49.388Z","1460","Didnt Use",,,"2025-06-09 01:29:49.657114","2025-06-09 01:29:49.657114"
"3719","3ccd1-2025-06-14T15:42:24.193Z","15022","Dear You, Suzette",,,"2025-06-14 15:42:24.522521","2025-06-14 15:42:24.522521"
"967","51bov-2021-08-05T07:04:31.485Z","12898","bokatattooing","899","instagram","2021-08-05 07:04:31.815678","2021-08-05 07:04:31.815678"
"968","n82z6-2021-08-05T09:37:43.386Z","13049","Tradie",,,"2021-08-05 09:37:44.771194","2021-08-05 09:37:44.771194"
"970","8sa18-2021-08-06T21:34:14.402Z","10316","ACS",,,"2021-08-06 21:34:14.961556","2021-08-06 21:34:49.265709"
"971","hudcw-2021-08-07T07:45:49.410Z","1538","Posted",,,"2021-08-07 07:45:50.800743","2021-08-07 07:45:50.800743"
"972","4x45w-2021-08-07T13:24:50.116Z","501","Robust Wine Bar",,,"2021-08-07 13:24:50.532068","2021-08-07 13:24:50.532068"
"973","rb9j2-2021-08-08T17:04:25.438Z","10534","BDG-PI","408","pinterest","2021-08-08 17:04:25.71326","2021-08-08 17:05:15.91055"
"974","wmrf18-2021-08-08T17:06:49.860Z","10534","TOA-PI","381","pinterest","2021-08-08 17:06:50.141016","2021-08-08 17:06:50.141016"
"975","hfdyz-2021-08-08T18:05:18.047Z","4212","Have Been Posted",,,"2021-08-08 18:05:18.675806","2021-08-08 18:05:18.675806"
"976","inpzt4-2021-08-08T23:57:01.598Z","7834","Past Insta Captions",,,"2021-08-08 23:57:02.160744","2021-08-08 23:57:02.160744"
"977","mromh-2021-08-08T23:59:25.645Z","7834","Past Workout Captions",,,"2021-08-08 23:59:25.930164","2021-08-08 23:59:39.711546"
"980","mfh0ls-2021-08-12T01:19:31.383Z","9636","Ddd",,"instagram","2021-08-12 01:19:31.600669","2021-08-12 01:19:31.600669"
"981","ux21wa-2021-08-13T12:38:53.791Z","13115","Handiwork Studio",,,"2021-08-13 12:38:54.009069","2021-08-13 12:38:54.009069"
"982","blj3wh-2021-08-13T12:39:00.743Z","13115","September","981",,"2021-08-13 12:39:00.958518","2021-08-13 12:40:35.579739"
"983","ir3oe-2021-08-13T12:40:58.648Z","13115","Reels","982",,"2021-08-13 12:40:58.882651","2021-08-13 12:40:58.882651"
"986","pv2w6-2021-08-15T20:26:16.258Z","13271","Maine",,,"2021-08-15 20:26:16.637226","2021-08-15 20:26:16.637226"
"987","nw8zne-2021-08-15T20:51:46.016Z","2009","Call To Action",,,"2021-08-15 20:51:47.425441","2021-08-15 20:51:54.164895"
"988","mdjcn-2021-08-16T03:16:30.751Z","7834","Caption Ideas ",,,"2021-08-16 03:16:30.977365","2021-08-16 03:16:30.977365"
"989","mv95yd-2021-08-16T15:35:10.803Z","12576","London Grant co",,,"2021-08-16 15:35:11.131803","2021-08-16 15:35:11.131803"
"990","sgwhyv-2021-08-05T00:11:12.021Z","3232","SNB PROM",,,"2021-08-17 06:50:06.721523","2021-08-17 06:50:06.721523"
"991","7732d-2021-08-05T00:10:01.711Z","3232","Funny",,,"2021-08-17 06:50:06.728408","2021-08-17 06:50:06.728408"
"992","6wi80k-2021-08-05T00:09:53.383Z","3232","Blog Post Captions",,,"2021-08-17 06:50:06.734834","2021-08-17 06:50:06.734834"
"993","ivruqr-2021-08-05T00:09:14.482Z","3232","Girl Boss It Up",,,"2021-08-17 06:50:06.741467","2021-08-17 06:50:06.741467"
"994","m1vqrd-2021-08-05T00:08:59.094Z","3232","New York",,,"2021-08-17 06:50:06.74784","2021-08-17 06:50:06.74784"
"995","bhnuu-2021-08-05T00:08:29.869Z","3232","Short and Sweet",,,"2021-08-17 06:50:06.754284","2021-08-17 06:50:06.754284"
"996","aiaqe-2021-08-05T00:07:13.574Z","3232","Josiah",,"instagram","2021-08-17 06:50:06.760527","2021-08-17 06:50:06.760527"
"998","9ft7if-2021-08-18T18:14:31.647Z","8469","Dermaplane Directions",,,"2021-08-18 18:14:32.170689","2021-08-18 18:14:32.170689"
"558","l452cw-2021-04-20T12:50:34.454Z","11019","Bearded Gaucho",,"instagram","2021-04-20 12:50:35.089761","2021-08-19 20:52:07.748183"
"1000","agp79i-2021-08-19T22:40:14.424Z","11147","Bryce",,,"2021-08-19 22:40:14.633271","2021-08-19 22:40:14.633271"
"1001","6xv8jl-2021-08-20T17:37:58.069Z","4187","Grand Ouest",,"instagram","2021-08-20 17:37:58.371089","2021-08-20 17:37:58.371089"
"1002","77md1-2021-08-20T17:38:18.750Z","4187","Bio",,"instagram","2021-08-20 17:38:19.050547","2021-08-20 17:38:19.050547"
"1005","6g6zh-2021-08-20T17:40:10.455Z","4187","Travel",,"instagram","2021-08-20 17:40:10.763068","2021-08-20 17:40:10.763068"
"1007","igc6zw-2021-08-20T17:43:30.814Z","4187","Others",,"instagram","2021-08-20 17:43:31.109083","2021-08-20 17:43:31.109083"
"1008","rpco8k-2021-08-20T17:45:14.181Z","4187","Reels",,"instagram","2021-08-20 17:45:14.496929","2021-08-20 17:45:14.496929"
"1009","ipvseb-2021-08-20T17:45:41.076Z","4187","Portrait",,"instagram","2021-08-20 17:45:41.390078","2021-08-20 17:45:41.390078"
"1010","vrlf3g-2021-08-20T17:46:03.138Z","4187","Username",,"instagram","2021-08-20 17:46:03.44586","2021-08-20 17:46:03.44586"
"1011","zz8b4-2021-08-22T13:43:56.199Z","5275","Past",,,"2021-08-22 13:43:56.493925","2021-08-22 13:43:56.493925"
"1013","qqpf1p-2021-08-23T19:49:37.961Z","10597","Coaching biz",,,"2021-08-23 19:49:38.139899","2021-08-23 19:49:38.139899"
"1015","vkvnn-2021-08-24T14:11:34.880Z","13115","Roll With A Goal",,,"2021-08-24 14:11:35.156655","2021-08-24 14:11:35.156655"
"1016","hlys7c-2021-08-24T20:59:26.500Z","12036","Digitabl Biz Bundle",,,"2021-08-24 20:59:26.895508","2021-08-24 20:59:26.895508"
"1017","rqh14f-2021-08-26T01:50:03.937Z","10534","FB","381","facebook","2021-08-26 01:50:04.275202","2021-08-26 01:50:04.275202"
"2299","zwg4nm-2022-10-12T21:28:26.080Z","12470","✨ Other","751",,"2022-10-12 21:28:26.356052","2022-10-12 21:30:39.269399"
"1004","ebb6mz-2021-08-20T17:39:07.862Z","4187","Paris & Île-de-France 🇫🇷",,"instagram","2021-08-20 17:39:08.180312","2021-12-12 01:07:01.596248"
"966","zf4sb-2021-08-03T09:28:42.610Z","13118","posted ",,,"2021-08-05 02:36:20.715789","2021-09-06 12:38:19.009589"
"2384","zb8jpi-2022-11-02T09:41:00.625Z","13118","nervous/ neuroendocrine system",,,"2022-11-02 09:41:01.339324","2022-11-02 09:41:01.339324"
"3718","5t8vsk-2025-06-09T01:30:43.670Z","1460","Ads",,,"2025-06-09 01:30:43.937972","2025-06-09 01:30:43.937972"
"2005","kx888a-2022-07-14T20:15:32.115Z","15373","Call To Action",,,"2022-07-14 20:15:32.41572","2022-07-14 20:15:32.41572"
"2047","uld3s-2022-07-27T13:20:41.415Z","11147","Monte",,,"2022-07-27 13:20:42.12286","2022-07-27 13:20:42.12286"
"2066","lvkgos-2022-08-08T10:34:33.356Z","13555","Truck",,,"2022-08-08 10:34:33.553694","2022-08-08 10:34:33.553694"
"2067","stii4f-2022-08-08T10:34:38.555Z","13555","Etsy",,,"2022-08-08 10:34:38.760492","2022-08-08 10:34:38.760492"
"3720","8lsrjs-2025-06-20T04:21:45.992Z","1960","Key Word Bank ",,,"2025-06-20 04:21:46.246964","2025-06-20 04:21:46.246964"
"3729","6wnpno-2025-07-09T15:49:38.869Z","11147","Interviews",,,"2025-07-09 15:49:39.137496","2025-07-09 15:49:39.137496"
"1053","bou2ps-2021-09-14T23:59:11.318Z","7834","Yt Video Ideas ",,,"2021-09-14 23:59:11.806696","2021-10-18 15:25:47.853481"
"1027","oy1mn-2021-08-29T17:31:08.155Z","6612","Posted ",,,"2021-08-29 17:31:12.02354","2021-08-29 17:31:12.02354"
"2223","oxazzo-2022-09-12T19:41:55.779Z","16067","Greenish Vibes",,,"2022-09-12 19:41:56.035435","2022-09-12 19:41:56.035435"
"2225","e772i-2022-09-12T19:42:40.526Z","16067","Dancentric",,,"2022-09-12 19:42:40.767325","2022-09-12 19:42:40.767325"
"1033","7rbrc8-2021-08-31T15:44:25.994Z","9284","Reviews",,,"2021-08-31 19:11:25.12168","2021-08-31 19:11:25.12168"
"1034","3856w-2021-08-31T15:43:59.627Z","9284","Thursday",,,"2021-08-31 19:11:25.128842","2021-08-31 19:11:25.128842"
"1035","m6xfpc-2021-08-31T15:43:40.780Z","9284","Wednesday",,,"2021-08-31 19:11:25.135689","2021-08-31 19:11:25.135689"
"1036","4b5axi-2021-08-31T15:41:59.919Z","9284","Mask off",,,"2021-08-31 19:11:25.142162","2021-08-31 19:11:25.142162"
"1037","dr4spf-2021-09-01T02:24:51.298Z","4088","Instaposts",,"instagram","2021-09-01 02:24:52.119042","2021-09-01 02:24:52.119042"
"1038","z7w9o8-2021-09-01T13:09:45.043Z","12036","ELEVATE",,,"2021-09-01 13:09:45.282715","2021-09-01 13:09:45.282715"
"1039","85zeyq-2021-09-01T14:27:56.579Z","13497","Cross Stitch Posts",,,"2021-09-01 14:27:56.953508","2021-09-01 14:27:56.953508"
"2230","0cnial-2022-09-18T15:16:36.596Z","10290","Bottle Lambs",,,"2022-09-18 15:16:42.970133","2022-09-18 15:16:42.970133"
"2232","zsz1p6-2022-09-21T15:13:42.050Z","7480","American Deli",,,"2022-09-21 15:13:42.282521","2022-09-21 15:13:42.282521"
"1041","4rzu2h-2021-09-04T13:17:52.701Z","10577","Premier TRT",,,"2021-09-04 13:17:52.95039","2021-09-04 13:17:52.95039"
"1043","d581q-2021-09-05T05:21:55.014Z","364","EBBN",,,"2021-09-05 05:21:55.28732","2021-09-05 05:21:55.28732"
"1045","2sp67h-2021-09-08T20:22:46.190Z","7834","Story Ideas ",,"instagram","2021-09-08 20:22:46.620465","2021-09-08 20:22:46.620465"
"1046","o6y1c9-2021-09-11T07:56:36.752Z","1546","Lovecoach",,,"2021-09-11 07:56:37.2683","2021-09-11 07:56:37.2683"
"1047","fixcq8-2021-09-12T11:27:53.196Z","13552","Discover Temple Spa",,,"2021-09-12 11:27:54.11035","2021-09-12 11:27:54.11035"
"1048","8rvlbk-2021-09-12T11:28:56.454Z","13552","Awards",,,"2021-09-12 11:28:56.709865","2021-09-12 11:28:56.709865"
"1049","8n95rf-2021-09-12T11:29:19.583Z","13552","Wellness Tips",,,"2021-09-12 11:29:19.838333","2021-09-12 11:29:19.838333"
"1050","tch3m-2021-09-12T11:29:46.869Z","13552","Products General",,,"2021-09-12 11:29:47.124118","2021-09-12 11:29:47.124118"
"1051","l8vt2-2021-09-12T11:30:12.474Z","13552","House",,,"2021-09-12 11:30:12.753946","2021-09-12 11:30:12.753946"
"1054","u5rsx-2021-09-15T01:27:52.855Z","12036","TIMELINE",,,"2021-09-15 01:27:52.99603","2021-09-15 01:27:52.99603"
"2262","4vrkg-2022-10-07T10:30:35.960Z","14203","Microblade Brow Tattoo","1382",,"2022-10-07 10:30:36.330221","2022-10-07 10:30:36.330221"
"2263","kw75lv-2022-10-09T13:10:48.369Z","197","BELASCOARÁN","1344",,"2022-10-09 13:10:48.834364","2022-10-09 13:10:48.834364"
"1057","w7sc1s-2021-09-15T20:28:29.887Z","13108","Motivational Posts",,"instagram","2021-09-15 20:28:30.209652","2021-09-15 20:28:30.209652"
"1058","5k5y3i-2021-09-16T13:40:19.658Z","11147","Dayton",,,"2021-09-16 13:40:19.888389","2021-09-16 13:40:19.888389"
"1059","thi0iw-2021-09-17T15:02:10.245Z","12576","LG Pending",,,"2021-09-17 15:02:11.126274","2021-09-17 15:02:11.126274"
"1060","isuqd-2021-09-14T18:44:24.518Z","13508","Drafts",,"instagram","2021-09-19 05:19:09.449817","2021-09-19 05:19:09.449817"
"2287","7wd4u9-2022-10-11T22:18:59.779Z","12470","✨ Sober Hashtags","751",,"2022-10-11 22:19:00.073065","2022-10-12 21:58:48.068235"
"2319","mdnv8-2022-10-21T17:33:12.122Z","501","Episource",,,"2022-10-21 17:33:12.415036","2022-10-21 17:33:12.415036"
"2323","qz8akw-2022-10-24T21:51:03.479Z","12470","HI","751","instagram","2022-10-24 21:51:03.778608","2022-10-24 21:51:03.778608"
"2385","0plm5e-2022-11-02T09:41:23.075Z","13118","lifestyle / random ",,,"2022-11-02 09:41:23.753251","2022-11-02 09:41:23.753251"
"2396","t67ta2-2022-11-05T15:45:31.932Z","18141","Blowvember",,,"2022-11-05 15:45:32.210459","2022-11-05 15:45:32.210459"
"2419","9ltdhh-2022-11-14T23:45:53.196Z","18652","Ali","2413","instagram","2022-11-14 23:45:54.029103","2022-11-14 23:45:54.029103"
"1044","aer75k-2021-09-07T12:02:35.109Z","13555","Instagram",,,"2021-09-07 12:02:35.3246","2021-11-03 13:59:14.717467"
"2449","nvwthr-2022-11-27T22:09:58.211Z","18790","Filler","2442",,"2022-11-27 22:09:58.52648","2022-11-27 22:09:58.52648"
"2465","d6d37i-2022-11-28T03:52:21.207Z","18790","Lifestyle","2447",,"2022-11-28 03:52:21.706223","2022-11-28 03:52:21.706223"
"2464","if1f5o-2022-11-28T03:49:03.514Z","18790","Group & HAP","2461",,"2022-11-28 03:49:03.856804","2022-11-28 03:49:03.856804"
"1026","g8zks6-2021-08-29T14:02:18.608Z","197","BIO",,,"2021-08-29 14:02:19.231075","2022-01-17 13:32:30.509593"
"1061","o8owzv-2021-09-21T04:11:00.229Z","1460","Used",,,"2021-09-21 04:11:00.534917","2021-09-21 04:11:00.534917"
"1062","ydhkx4-2021-09-23T14:23:23.564Z","5513","Text Message Templates",,,"2021-09-23 14:23:24.038599","2021-09-23 14:23:24.038599"
"1063","aja9p-2021-09-24T02:23:14.293Z","7834","Best Times ",,"instagram","2021-09-24 02:23:14.73599","2021-09-24 02:23:14.73599"
"1064","nlq6nk-2021-09-26T13:03:05.495Z","12036","IGNITE",,,"2021-09-26 13:03:05.719104","2021-09-26 13:03:05.719104"
"1065","02icta-2021-09-26T19:43:37.642Z","13736","Ashanti’s House Of Glam & Relaxation",,,"2021-09-26 19:43:37.910866","2021-09-26 19:43:37.910866"
"2484","drh5ph-2022-12-04T06:58:31.729Z","18652","Facebook",,"facebook","2022-12-04 06:58:32.28024","2022-12-04 06:58:32.28024"
"1076","wrhijl-2021-09-28T13:31:44.000Z","13756","Insta Reels",,"instagram","2021-09-28 13:31:44.582277","2021-09-28 13:31:44.582277"
"1077","l2ii3-2021-09-28T13:33:14.410Z","13756","Insta Banner",,"instagram","2021-09-28 13:33:14.990777","2021-09-28 13:33:14.990777"
"1078","mlv39f-2021-09-28T22:43:16.601Z","11147","Birthday",,,"2021-09-28 22:43:17.082094","2021-09-28 22:43:17.082094"
"2491","ugtpsk-2022-12-05T16:55:33.007Z","15571","Ya Post",,,"2022-12-05 16:55:33.260976","2022-12-05 16:55:33.260976"
"1081","y5eat-2021-09-29T14:12:01.331Z","6608","Story Posts For Kathryn Photos",,"instagram","2021-09-29 14:12:01.666209","2021-09-29 14:12:01.666209"
"1082","w53bqr-2021-09-29T14:54:39.043Z","13768","Flowers",,"instagram","2021-09-29 14:54:39.325703","2021-09-29 14:54:39.325703"
"1083","eei0no-2021-09-30T11:08:56.042Z","7727","DVM",,,"2021-09-30 11:08:56.27579","2021-09-30 11:08:56.27579"
"1084","hrjct-2021-09-30T14:17:02.224Z","13773","Done",,,"2021-09-30 14:17:02.44367","2021-09-30 14:17:02.44367"
"1085","xpvab-2021-09-30T14:17:30.156Z","13773","Ideas",,,"2021-09-30 14:17:30.335044","2021-09-30 14:17:30.335044"
"1086","zpiy7f-2021-10-02T14:14:33.748Z","4964","Collab En Masse",,,"2021-10-02 14:14:34.252973","2021-10-02 14:14:34.252973"
"1087","gievig-2021-10-02T16:14:29.614Z","13797","Bios",,,"2021-10-02 16:14:30.048324","2021-10-02 16:14:30.048324"
"1089","0t0tko-2021-10-03T20:26:17.977Z","13508","Used",,"instagram","2021-10-03 20:26:18.626342","2021-10-03 20:26:18.626342"
"1090","av9dn6-2021-10-03T22:11:17.495Z","4187","TikTok",,"tiktok","2021-10-03 22:11:18.220743","2021-10-03 22:11:18.220743"
"1091","5sg2vy-2021-10-04T10:12:20.936Z","12036","Becoming",,,"2021-10-04 10:12:21.117491","2021-10-04 10:12:21.117491"
"2513","56sah5-2022-12-18T01:08:56.135Z","14785","My Own",,,"2022-12-18 01:08:56.366632","2022-12-18 01:08:56.366632"
"2515","wddj5-2022-12-21T04:39:04.711Z","18652","Sandra","2411","instagram","2022-12-21 04:39:05.658407","2022-12-21 04:39:05.658407"
"2540","lmbce-2023-01-01T23:53:20.235Z","19284","ChatGBT Drafts",,,"2023-01-03 02:07:12.0366","2023-01-03 02:07:12.0366"
"1092","1e9xv-2021-09-10T00:14:27.979Z","13835","Ortodoncia Infantil ",,"instagram","2021-10-06 01:00:24.288681","2021-10-06 01:00:24.288681"
"1093","jc1wxg-2021-10-06T17:57:04.251Z","9898","Microblading ",,,"2021-10-06 17:57:04.497425","2021-10-06 17:57:04.497425"
"1094","f6skqm-2021-10-06T22:07:36.628Z","13625","The Pensive Tiger",,,"2021-10-06 22:07:36.900872","2021-10-06 22:07:36.900872"
"1095","0i662f-2021-10-07T01:14:50.104Z","11215","My Story",,,"2021-10-07 01:14:50.345","2021-10-07 01:14:50.345"
"1096","f7y8o4-2021-10-07T05:35:06.261Z","13780","My Signature",,,"2021-10-07 05:35:06.487425","2021-10-07 05:35:06.487425"
"1980","fqhifl-2022-06-27T18:46:17.820Z","12606","Reels","1183","instagram","2022-06-27 18:46:19.001831","2022-06-27 18:46:19.001831"
"1098","t6mlu-2021-10-10T09:40:29.821Z","13552","Classes",,,"2021-10-10 09:40:30.118348","2021-10-10 09:40:30.118348"
"1099","9xx7rs-2021-10-10T09:41:00.745Z","13552","Skincare",,,"2021-10-10 09:41:00.977948","2021-10-10 09:41:00.977948"
"1100","rphc5n-2021-10-10T09:42:57.918Z","13552","Joyful places",,,"2021-10-10 09:42:58.43596","2021-10-10 09:42:58.43596"
"1101","f3hhgh-2021-10-10T09:44:02.262Z","13552","Engagement",,,"2021-10-10 09:44:02.513725","2021-10-10 09:44:02.513725"
"1102","g64kkr-2021-10-10T09:44:34.658Z","13552","Team",,,"2021-10-10 09:44:34.900147","2021-10-10 09:44:34.900147"
"1103","x33mlc-2021-10-10T09:45:08.330Z","13552","TS Corp",,,"2021-10-10 09:45:08.591996","2021-10-10 09:45:08.591996"
"1104","r07wt4-2021-10-10T13:18:33.441Z","13108","Motivation","1057","instagram","2021-10-10 13:18:33.775661","2021-10-10 13:18:33.775661"
"1106","nc12y-2021-10-11T21:24:11.107Z","10426","OneTen",,,"2021-10-11 21:24:11.448938","2021-10-11 21:24:11.448938"
"1107","ti8jwu-2021-10-11T21:30:01.010Z","10426","VCGS",,,"2021-10-11 21:30:01.806345","2021-10-11 21:30:01.806345"
"1108","gtj1q7-2021-10-12T17:18:18.951Z","11147","Digitals",,,"2021-10-12 17:18:19.642242","2021-10-12 17:18:19.642242"
"1109","vwhss-2021-10-14T11:52:42.731Z","12036","AlphaFemme posts",,,"2021-10-14 11:52:43.370484","2021-10-14 11:52:43.370484"
"2006","cihi0h-2022-07-14T21:52:09.129Z","16909","BunBun",,,"2022-07-14 21:52:09.360526","2022-07-14 21:52:09.360526"
"3721","j8jmu-2025-06-20T18:42:18.064Z","26121","Missed Call ",,,"2025-06-20 18:42:18.457407","2025-06-20 18:42:18.457407"
"2467","pbj47-2022-11-28T04:24:44.117Z","18790","Promotion","2442",,"2022-11-28 04:24:44.473398","2022-11-28 04:24:44.473398"
"2068","ru7jx-2022-08-08T10:35:22.215Z","13555","Remarkably her",,,"2022-08-08 10:35:22.425763","2022-08-08 10:35:22.425763"
"2070","ya8t5n-2022-08-08T10:37:02.687Z","13555","Quotes",,,"2022-08-08 10:37:02.914956","2022-08-08 10:37:02.914956"
"1113","gym0o-2021-10-16T12:30:00.117Z","13108","Posts",,"instagram","2021-10-16 12:30:00.471352","2021-10-16 12:30:00.471352"
"1146","q8835a-2021-10-18T15:26:01.384Z","7834","Instagram + Tt Ideas ",,,"2021-10-18 15:26:01.791241","2021-10-18 15:26:01.791241"
"3730","rftnfb-2025-07-10T13:48:51.592Z","11147","William",,,"2025-07-10 13:48:51.852183","2025-07-10 13:48:51.852183"
"3731","bju74k-2025-07-15T04:40:58.966Z","30574","Instagram",,,"2025-07-15 04:40:59.240357","2025-07-15 04:40:59.240357"
"2469","ccbp8d-2022-11-28T04:38:26.468Z","18790","Short N Sweet","2449",,"2022-11-28 04:38:26.734534","2022-11-28 04:38:26.734534"
"2224","cw0vta-2022-09-12T19:42:27.272Z","16067","Legend Of Juice",,,"2022-09-12 19:42:27.517262","2022-09-12 19:42:27.517262"
"2233","67ay8v-2022-09-22T04:42:10.391Z","17900","Drafts",,"instagram","2022-09-22 04:42:10.695745","2022-09-22 04:42:10.695745"
"2243","59v8q3-2022-09-28T23:30:48.487Z","18033","Cigar Page",,"instagram","2022-09-28 23:30:48.740525","2022-09-28 23:30:48.740525"
"2264","hirtgp-2022-10-10T11:34:36.317Z","8303","Schedule ",,,"2022-10-10 11:34:36.574949","2022-10-10 11:34:36.574949"
"2300","4kx9hn-2022-10-13T05:38:00.878Z","18248","TheSlide",,"instagram","2022-10-13 05:38:01.119798","2022-10-13 05:38:01.119798"
"2320","z2npfo-2022-10-22T19:59:23.272Z","1546","Charles.plaisirs",,,"2022-10-22 19:59:25.336555","2022-10-22 19:59:25.336555"
"2324","hscmv8-2022-10-26T14:13:22.391Z","10568","Educational/Empowering",,,"2022-10-26 14:13:22.648121","2022-10-26 14:13:22.648121"
"2386","csjwu8-2022-11-02T09:42:47.425Z","13118","food as medicine",,,"2022-11-02 09:42:48.13013","2022-11-02 09:42:48.13013"
"2397","08c73m-2022-11-06T14:42:35.357Z","14203","Nails","1549",,"2022-11-06 14:42:36.084206","2022-11-06 14:42:36.084206"
"1344","jfgsoy-2021-12-07T19:42:01.248Z","197","HIGHLIGHTS",,,"2021-12-07 19:42:01.527449","2022-11-22 14:49:35.505337"
"1172","y7hqok-2021-10-18T16:25:14.118Z","10827","Handmade Dollz",,"tiktok","2021-10-18 16:25:14.666401","2021-10-18 16:25:14.666401"
"2516","diweh-2022-12-21T04:39:37.285Z","18652","McKayla","2411","instagram","2022-12-21 04:39:37.559344","2022-12-21 04:39:37.559344"
"2420","xmena-2022-11-15T15:51:44.373Z","18652","Lupe: Train Ride","2411","instagram","2022-11-15 15:51:45.295263","2022-12-21 04:40:00.313235"
"2492","babizj-2022-12-07T13:32:55.883Z","6631","@captainrobotics","1244","instagram","2022-12-07 13:32:56.206511","2023-06-04 17:59:19.211176"
"2541","i34lmj-2022-12-02T19:10:22.883Z","19284","Recipes",,,"2023-01-03 02:07:12.046016","2023-01-03 02:07:12.046016"
"2542","7s925w-2022-10-04T21:19:33.815Z","19284","Motivation",,,"2023-01-03 02:07:12.054319","2023-01-03 02:07:12.054319"
"1183","gdo3my-2021-10-19T18:36:54.703Z","12606","HEAD WEST",,"instagram","2021-10-19 18:36:54.996906","2021-10-19 18:36:54.996906"
"1184","al6po7-2021-10-19T18:38:33.201Z","12606","PARTICIPANTS + PARTNERS","1183","instagram","2021-10-19 18:38:33.691514","2021-10-19 18:38:33.691514"
"1185","xhq2ga-2021-10-19T18:40:06.509Z","12606","HEAD WEST THIS_______","1183","instagram","2021-10-19 18:40:06.813463","2021-10-19 18:40:58.042863"
"1186","ma6w2h-2021-10-19T20:05:58.117Z","13773","Fitness ",,,"2021-10-19 20:05:58.551546","2021-10-19 20:05:58.551546"
"1187","0ztcgp-2021-10-20T04:47:56.086Z","10534","BDM-IG","408","instagram","2021-10-20 04:47:56.324396","2021-10-20 04:47:56.324396"
"1188","yjh9nh-2021-10-20T17:07:30.322Z","13756","Insta Workout Reels",,"instagram","2021-10-20 17:07:30.847856","2021-10-20 17:07:43.769601"
"1189","dk6j4s-2021-10-20T22:22:45.455Z","10426","iThinkDaphne",,,"2021-10-20 22:22:45.715406","2021-10-20 22:22:45.715406"
"1191","3z76w-2021-10-21T00:02:13.078Z","1080","Skin Haven RX FB ad Copy 10/2021",,,"2021-10-21 00:02:13.327486","2021-10-21 00:02:13.327486"
"1192","hb6c7g-2021-10-21T15:13:20.327Z","12036","00-Coaching Certification ",,,"2021-10-21 15:13:20.725067","2021-10-21 15:13:20.725067"
"1193","yql035-2021-10-22T17:40:46.843Z","11571","Clean Cut",,,"2021-10-22 17:40:47.243385","2021-10-22 17:40:47.243385"
"1194","6qfxi-2021-10-23T03:46:34.076Z","10400","Trending Captions Hair And Beauty",,"instagram","2021-10-23 03:46:35.320645","2021-10-23 03:46:35.320645"
"1195","0kf74f-2021-10-24T09:17:36.683Z","13552","Offers And Treat Prices",,,"2021-10-24 09:17:36.955859","2021-10-24 09:17:36.955859"
"1196","ug0zy8-2021-10-24T19:37:44.489Z","10827","Primordial",,"instagram","2021-10-24 19:37:44.851133","2021-10-24 19:37:44.851133"
"2543","vh8tz-2022-10-04T21:15:12.452Z","19284","Transformation/Testimonals",,,"2023-01-03 02:07:12.062361","2023-01-03 02:07:12.062361"
"1105","99rge-2021-10-11T10:08:51.902Z","197","Audio.Zitat",,,"2021-10-11 10:08:52.200699","2021-12-04 11:10:07.811254"
"2544","ciktn-2022-10-04T21:14:19.285Z","19284","Life/Me",,,"2023-01-03 02:07:12.070801","2023-01-03 02:07:12.070801"
"2545","en1o2o-2022-10-04T21:14:09.350Z","19284","Education",,,"2023-01-03 02:07:12.079946","2023-01-03 02:07:12.079946"
"2546","tx0xp-2022-10-04T21:13:30.593Z","19284","Pitches",,,"2023-01-03 02:07:12.088485","2023-01-03 02:07:12.088485"
"2547","rqer9v-2022-10-04T21:13:11.131Z","19284","Topic Ideas",,,"2023-01-03 02:07:12.096273","2023-01-03 02:07:12.096273"
"2548","xxpqra-2022-10-04T21:11:54.169Z","19284","Long Copy",,,"2023-01-03 02:07:12.104935","2023-01-03 02:07:12.104935"
"2555","9sfc2q-2023-01-05T08:09:35.427Z","15488","Den Mentale Retreat Portal",,"instagram","2023-01-05 08:09:35.691684","2023-01-05 08:09:35.691684"
"2583","cb1e9g-2023-01-17T19:07:28.888Z","17223","My Facebook",,,"2023-01-17 19:07:29.138607","2023-01-17 19:07:29.138607"
"2591","rkpami-2023-01-20T05:42:54.528Z","11019","Ideas ","2514",,"2023-01-20 05:42:55.344479","2023-01-20 05:42:55.344479"
"1199","nz7ncj-2021-10-25T06:55:56.261Z","10012","MDF Treatments",,,"2021-10-25 06:55:56.739074","2021-10-25 06:55:56.739074"
"1200","r6udpm-2021-10-25T06:56:22.372Z","10012","Lash Ext.",,,"2021-10-25 06:56:22.623096","2021-10-25 06:56:22.623096"
"1201","2hywea-2021-10-25T06:56:48.700Z","10012","MUA",,,"2021-10-25 06:56:48.942521","2021-10-25 06:56:48.942521"
"1202","v6w91s-2021-10-25T10:46:34.474Z","12559","The_Pixelbuddy",,"instagram","2021-10-25 10:46:34.876812","2021-10-25 10:46:34.876812"
"1203","zpt5i-2021-10-25T14:12:26.711Z","10577","Morning Motivation Captions",,,"2021-10-25 14:12:26.93646","2021-10-25 14:12:26.93646"
"1204","uj0yck-2021-10-26T16:43:39.952Z","11147","Baek",,,"2021-10-26 16:43:40.252343","2021-10-26 16:43:40.252343"
"3722","q9653f-2025-06-20T18:43:13.010Z","26121","Delivery Or Pick Up Heads Up ",,,"2025-06-20 18:43:13.276157","2025-06-20 18:43:13.276157"
"3734","jr58z-2025-07-27T12:21:48.902Z","12036","SugarBABY",,,"2025-07-27 12:21:49.493145","2025-07-27 12:21:49.493145"
"1208","qun4mk-2021-10-29T16:24:52.658Z","11147","Erick",,,"2021-10-29 16:24:52.923734","2021-10-29 16:24:52.923734"
"1209","snfnyi-2021-10-29T22:36:52.451Z","10400","Brand Street ",,,"2021-10-29 22:36:52.91236","2021-10-29 22:36:52.91236"
"1981","wt4ajq-2022-06-27T21:35:38.526Z","12606","Ferry Building","1183","instagram","2022-06-27 21:35:39.460298","2022-06-27 21:35:39.460298"
"2007","ailp4e-2022-07-14T21:52:17.585Z","16909","Ridgebacks",,,"2022-07-14 21:52:17.808184","2022-07-14 21:52:17.808184"
"3732","tnagk-2025-07-27T12:17:09.021Z","12036","WooDo Villa ",,,"2025-07-27 12:17:09.513981","2025-08-04 20:05:37.269786"
"3744","4ji3b-2025-08-10T18:45:18.667Z","29267","Completed",,,"2025-08-10 18:45:18.888505","2025-08-10 18:45:18.888505"
"1213","5v0o1-2021-10-30T21:47:34.836Z","4344","Skye",,,"2021-10-30 21:47:35.144833","2021-10-30 21:47:35.144833"
"1214","rr4mej-2021-10-30T21:47:41.843Z","4344","Serafin",,,"2021-10-30 21:47:42.045","2021-10-30 21:47:42.045"
"1215","iklep-2021-10-30T21:47:48.010Z","4344","Hush",,,"2021-10-30 21:47:48.222907","2021-10-30 21:47:48.222907"
"1216","hi334s-2021-10-30T21:48:22.923Z","4344","Stef",,,"2021-10-30 21:48:23.153756","2021-10-30 21:48:23.153756"
"1217","smfydrk-2021-10-31T16:19:24.612Z","13294","Bella Nutrition",,,"2021-10-31 16:19:24.866696","2021-10-31 16:19:24.866696"
"1218","fmayw-2021-10-31T16:31:58.877Z","13294","Sheepgate",,,"2021-10-31 16:31:59.3944","2021-10-31 16:31:59.3944"
"1219","7a00gj-2021-10-31T16:32:11.347Z","13294","Christian Life Church",,,"2021-10-31 16:32:11.583498","2021-10-31 16:32:11.583498"
"1220","hx0uv-2021-10-31T16:32:24.055Z","13294","Pastor Chris Buscher",,,"2021-10-31 16:32:24.296404","2021-10-31 16:32:24.296404"
"1221","7moqpr-2021-10-31T16:34:29.147Z","13294","Buscher’s Photography & Videography",,,"2021-10-31 16:34:29.540309","2021-10-31 16:34:29.540309"
"1223","8jo4xt-2021-11-01T14:40:09.377Z","13555","Facebook ",,,"2021-11-01 14:40:09.773024","2021-11-01 14:40:09.773024"
"1224","28jjfa-2021-11-02T11:23:52.917Z","10577","Stock Images",,,"2021-11-02 11:23:53.164113","2021-11-02 11:23:53.164113"
"1225","44nfvm-2021-11-03T01:52:02.433Z","11395","GNF",,,"2021-11-03 01:52:02.679134","2021-11-03 01:52:02.679134"
"1226","3i07c9t-2021-11-03T01:53:03.757Z","11395","DSBT",,,"2021-11-03 01:53:03.991601","2021-11-03 01:53:03.991601"
"1228","ogpbcg-2021-11-03T18:32:19.601Z","7480","El Viñedo Local",,,"2021-11-03 18:32:19.972301","2021-11-03 18:32:19.972301"
"1229","emh1si-2021-11-03T20:50:45.302Z","9302","Insta Vid Hashtags",,,"2021-11-03 20:50:45.529468","2021-11-03 20:50:45.529468"
"1230","alr9bk-2021-11-04T13:47:50.285Z","14180","Health & Wellness Captions",,"instagram","2021-11-04 13:47:50.51173","2021-11-04 13:47:50.51173"
"1231","5we0no-2021-11-04T16:26:22.697Z","14180","Mental Health Captions",,"instagram","2021-11-04 16:26:22.94534","2021-11-04 16:26:22.94534"
"1232","lb18em-2021-11-04T16:26:30.971Z","14180","Fitness Captions",,"instagram","2021-11-04 16:26:31.226623","2021-11-04 16:26:31.226623"
"1233","2coa5h-2021-11-04T16:27:11.926Z","14180","Motivation Captions",,"instagram","2021-11-04 16:27:12.289963","2021-11-04 16:27:12.289963"
"1234","amzlyl-2021-11-04T16:27:35.351Z","14180","Good morning quotes",,"twitter","2021-11-04 16:27:35.587701","2021-11-04 16:27:35.587701"
"1235","poz7eq-2021-11-05T10:09:17.422Z","13552","Quotes",,,"2021-11-05 10:09:17.727635","2021-11-05 10:09:17.727635"
"1237","0bwh3-2021-11-07T01:14:58.639Z","5078","Previous Posts",,,"2021-11-07 13:59:19.988246","2021-11-07 13:59:19.988246"
"1238","jdlbba-2021-11-07T18:02:53.426Z","4344","Dragons",,,"2021-11-07 18:02:54.011249","2021-11-07 18:02:54.011249"
"1240","6f304o-2021-11-07T20:37:03.206Z","13780","Apple Podcast",,,"2021-11-07 20:37:03.52363","2021-11-07 20:37:03.52363"
"1243","do5v6h-2021-11-09T02:58:42.712Z","7834","Reels To Do For Monitization",,,"2021-11-09 02:58:43.182917","2021-11-09 02:58:43.182917"
"1244","lbxw7-2021-11-09T10:14:34.718Z","6631","Yusuf Sincar",,"instagram","2021-11-09 10:14:35.105418","2021-11-09 10:14:35.105418"
"1245","vqnv18-2021-11-09T10:14:54.905Z","6631","Rest",,"instagram","2021-11-09 10:14:55.280471","2021-11-09 10:14:55.280471"
"1247","minj3t-2021-11-09T11:42:30.912Z","6631","Nicht gepostet - Dubrovnik","uq2lp-2021-11-09T11:40:39.889Z","instagram","2021-11-09 11:44:35.284038","2021-11-09 11:44:35.284038"
"1248","gkng6s-2021-11-09T11:41:23.280Z","6631","Gepostet - Dubrovnik","uq2lp-2021-11-09T11:40:39.889Z","instagram","2021-11-09 11:44:35.290862","2021-11-09 11:44:35.290862"
"2069","clky2h-2022-08-08T10:35:54.726Z","13555","Life On Purpose ",,,"2022-08-08 10:35:54.924084","2022-09-03 17:25:12.982594"
"2226","m86coc-2022-09-13T12:09:11.763Z","7265","Vxn",,,"2022-09-13 12:09:12.017203","2022-09-13 12:09:12.017203"
"1251","9c1z0j-2021-11-09T11:45:51.589Z","6631","SMA-Kunden",,"instagram","2021-11-09 11:45:51.914696","2021-11-09 11:46:13.057381"
"1252","qy03vf-2021-11-09T11:46:29.243Z","6631","Dubrovnik","1251","instagram","2021-11-09 11:46:29.548691","2021-11-09 11:46:29.548691"
"1253","3k9gps-2021-11-09T11:46:45.638Z","6631","Gepostet - Dubrovnik","qy03vf-2021-11-09T11:46:29.243Z","instagram","2021-11-09 11:46:45.975061","2021-11-09 11:46:45.975061"
"1254","rr1oq-2021-11-09T11:46:58.314Z","6631","Nicht gepostet - Dubrovnik","qy03vf-2021-11-09T11:46:29.243Z","instagram","2021-11-09 11:46:58.627602","2021-11-09 11:46:58.627602"
"1255","8e5tqq-2021-11-09T11:47:08.129Z","6631","Vino","1251","instagram","2021-11-09 11:47:08.847208","2021-11-09 11:47:08.847208"
"1256","r4i5z-2021-11-09T11:47:19.693Z","6631","Gepostet - Vino","8e5tqq-2021-11-09T11:47:08.129Z","instagram","2021-11-09 11:47:20.009983","2021-11-09 11:47:20.009983"
"1257","2w4gyo-2021-11-09T11:47:30.154Z","6631","Nicht gepostet - Vino","8e5tqq-2021-11-09T11:47:08.129Z","instagram","2021-11-09 11:47:30.466689","2021-11-09 11:47:30.466689"
"1258","mssb1k-2021-11-09T11:48:05.411Z","6631","Maestros","1251","instagram","2021-11-09 11:48:06.074324","2021-11-09 11:48:06.074324"
"1259","o5vtyt-2021-11-09T11:48:26.816Z","6631","Gepostet - Maestros","1258","instagram","2021-11-09 11:48:27.13043","2021-11-09 11:48:27.13043"
"1260","e5hmsk-2021-11-09T11:48:37.986Z","6631","Nicht gepostet - Maestros","1258","instagram","2021-11-09 11:48:38.326326","2021-11-09 11:48:38.326326"
"1261","qmqu5-2021-11-09T11:50:04.944Z","6631","Wir sind Allgäu","1244","instagram","2021-11-09 11:50:05.318723","2021-11-09 11:50:05.318723"
"1263","3ukoqo-2021-11-09T11:56:19.506Z","6631","Hashtags - Vino","1255","instagram","2021-11-09 11:56:20.097414","2021-11-09 11:56:20.097414"
"1264","iyi0ue-2021-11-09T12:35:06.945Z","13780","Affirmative Talk",,,"2021-11-09 12:35:07.251091","2021-11-09 12:35:07.251091"
"1265","oikn0h-2021-11-09T12:36:26.194Z","13780","Affirmative Talk Community ",,,"2021-11-09 12:36:26.41891","2021-11-09 12:36:26.41891"
"1266","lzpxj-2021-11-09T12:50:07.965Z","13780","Prayer And Peloton",,,"2021-11-09 12:50:08.233019","2021-11-09 12:50:08.233019"
"2234","i2lz3-2022-09-22T12:22:00.494Z","14461","Gavin Tweets",,"twitter","2022-09-22 12:22:00.753853","2022-09-22 12:22:00.753853"
"2244","igz7fr-2022-09-29T17:36:29.687Z","13550","General",,,"2022-09-29 17:36:30.757033","2022-09-29 17:36:30.757033"
"2265","wiuk0w-2022-10-10T18:38:11.020Z","7480","Grecian Gyro",,,"2022-10-10 18:38:11.242746","2022-10-10 18:38:11.242746"
"2301","h98i4n-2022-10-13T05:46:23.493Z","18249","Holidays",,,"2022-10-13 05:47:57.398827","2022-10-13 05:47:57.398827"
"1262","qhq1nb-2021-11-09T11:50:14.601Z","6631","roboticsmarketing","1244","instagram","2021-11-09 11:50:14.944024","2023-09-15 10:47:57.277432"
"2302","359nob-2022-10-13T05:46:06.720Z","18249","Kids",,,"2022-10-13 05:47:57.405445","2022-10-13 05:47:57.405445"
"2303","bj5gal-2022-10-13T05:45:51.249Z","18249","Bunions",,,"2022-10-13 05:47:57.411428","2022-10-13 05:47:57.411428"
"2304","autufl-2022-10-13T05:45:34.169Z","18249","Hashtags",,,"2022-10-13 05:47:57.417658","2022-10-13 05:47:57.417658"
"1982","82lnrj-2022-06-27T21:36:13.072Z","12606","Monthly Carousels","1183","instagram","2022-06-27 21:36:13.357712","2022-06-27 21:36:13.357712"
"1273","fhr4vr-2021-11-09T14:21:32.809Z","6631","Hashtags - Dubrovnik","1252","instagram","2021-11-09 14:21:33.49542","2021-11-09 14:21:33.49542"
"2008","ll3q3e-2022-07-15T14:06:29.628Z","16919","IG",,"instagram","2022-07-15 14:15:59.815103","2022-07-15 14:15:59.815103"
"3723","u4qx5-2025-06-20T18:43:45.638Z","26121","Review",,,"2025-06-20 18:43:45.917544","2025-06-20 18:43:45.917544"
"2715","ozet1i-2023-03-11T22:28:11.098Z","20797","Tuesday Tips ",,,"2023-03-11 22:28:11.490456","2023-03-11 22:28:11.490456"
"2071","ue5cqp-2022-06-08T10:55:21.425Z","17223","Hux Law",,,"2022-08-08 11:45:58.213369","2022-08-08 11:45:58.213369"
"2073","ipdy9g-2022-04-03T20:38:10.458Z","17223","ArtsFindlay",,"instagram","2022-08-08 11:45:58.230893","2022-08-08 11:45:58.230893"
"2074","mhq7uu-2022-02-17T10:54:46.862Z","17223","ShireStrong",,"instagram","2022-08-08 11:45:58.238575","2022-08-08 11:45:58.238575"
"3733","i5miks-2025-07-27T12:17:22.089Z","12036","La Lumiere",,,"2025-07-27 12:17:22.542187","2025-07-27 12:17:22.542187"
"2198","nd7gqs-2022-09-03T17:23:45.208Z","13555","Puppy",,,"2022-09-03 17:23:45.413316","2022-09-03 17:23:45.413316"
"2202","qvu15v-2022-09-07T12:51:29.350Z","7265","Lab",,,"2022-09-07 12:51:30.086681","2022-09-07 12:51:30.086681"
"3745","kyt1xl-2025-08-14T17:29:53.349Z","11147","Yonko",,,"2025-08-14 17:29:53.877332","2025-08-14 17:29:53.877332"
"2266","jkalf3-2022-10-11T09:47:45.344Z","15488","YourPlanningStudio",,,"2022-10-11 09:47:45.607543","2022-10-11 09:47:45.607543"
"2305","vyzq2-2022-10-14T11:48:52.954Z","13491","Bio IG",,,"2022-10-14 11:48:53.593587","2022-10-14 11:48:53.593587"
"2325","p6bp2tm-2022-10-26T14:16:18.503Z","10568","Connection",,,"2022-10-26 14:16:19.011443","2022-10-26 14:16:19.011443"
"3778","cj6f1-2025-08-25T06:14:29.661Z","15022","Fuel",,"instagram","2025-08-25 06:14:30.314578","2025-08-25 06:14:30.314578"
"3782","jtkwta-2025-08-31T10:22:13.861Z","13552","Lapsed Consultants And Customers",,,"2025-08-31 10:22:14.314569","2025-08-31 10:22:14.314569"
"2387","4aei9y-2022-11-02T09:53:59.946Z","13118","formulations ",,,"2022-11-02 09:54:00.684577","2022-11-02 09:54:00.684577"
"2398","n6zwps-2022-11-06T14:46:36.423Z","14203","Hair","1549",,"2022-11-06 14:46:36.832066","2022-11-06 14:46:36.832066"
"3783","uy3ij7-2025-09-07T18:14:37.990Z","460","Sports",,,"2025-09-07 18:14:38.230447","2025-09-07 18:14:38.230447"
"2407","yven4p-2022-11-13T18:49:26.716Z","15571","Nov ",,,"2022-11-13 18:49:27.028158","2022-11-13 18:49:27.028158"
"2421","0mnyu4-2022-11-15T18:11:32.170Z","8469","Microneedle Training",,,"2022-11-15 18:11:32.446648","2022-11-15 18:11:32.446648"
"2437","sfd5ab-2022-11-23T09:04:08.494Z","17223","Wellington Fitness",,,"2022-11-23 09:04:08.787924","2022-11-23 09:04:08.787924"
"2453","fh74nr-2022-11-27T22:57:13.986Z","18790","Days","2449",,"2022-11-27 22:57:14.308086","2022-11-27 22:57:14.308086"
"2468","v1py3g-2022-11-28T04:38:00.058Z","18790","Motivation","2449",,"2022-11-28 04:38:00.334272","2022-11-28 04:38:00.334272"
"2455","ypgfaq-2022-11-27T22:58:22.871Z","18790","Self Confidence/BB","2449",,"2022-11-27 22:58:23.141663","2022-11-28 04:38:40.698415"
"2720","5ujgpl-2023-03-12T08:17:56.935Z","20797","Entrepreneur",,,"2023-03-12 08:17:57.245635","2023-03-12 08:17:57.245635"
"2478","bpcbmq-2022-12-01T02:26:14.938Z","7120","Business Old",,"instagram","2022-12-01 02:26:15.316355","2022-12-01 02:28:24.00773"
"2486","qvs12-2022-12-04T13:32:35.834Z","1546","Charles.amour",,,"2022-12-04 13:32:36.304179","2022-12-04 13:32:36.304179"
"3784","x9xrqi-2025-09-15T19:35:24.421Z","11147","Kris",,,"2025-09-15 19:35:24.774005","2025-09-15 19:35:24.774005"
"2506","dn20cn-2022-12-15T21:50:00.772Z","14785","Advent Calendar",,,"2022-12-15 21:50:01.09628","2022-12-15 21:50:01.09628"
"2507","lvfgk-2022-12-15T21:51:23.855Z","14785","Holidays",,,"2022-12-15 21:51:24.1125","2022-12-15 21:51:24.1125"
"2517","2guvvc-2022-12-21T04:48:50.720Z","18652","Observations",,"instagram","2022-12-21 04:48:51.209477","2022-12-21 04:48:51.209477"
"2530","1oup4u-2022-12-29T00:00:05.408Z","351","Bridal ",,"instagram","2022-12-29 00:00:05.690019","2022-12-29 00:00:05.690019"
"2532","x0kzsn-2022-12-29T00:31:17.335Z","351","Catchall Captions",,"instagram","2022-12-29 00:31:17.717921","2022-12-29 00:31:17.717921"
"2549","88np8-2023-01-03T15:37:16.616Z","11147","HyunJun",,,"2023-01-03 15:37:17.265995","2023-01-03 15:37:17.265995"
"2556","993lhq-2023-01-05T08:09:57.688Z","15488","Gammelt ",,"clubhouse","2023-01-05 08:09:57.963581","2023-01-05 08:09:57.963581"
"2573","iln96k-2023-01-11T14:16:27.115Z","14203","Ανακοινωση ","1386",,"2023-01-11 14:16:27.450175","2023-01-11 14:16:27.450175"
"2727","qowkl-2023-03-12T09:40:00.131Z","20797","Healthy ",,,"2023-03-12 09:40:00.501923","2023-03-12 09:40:00.501923"
"2072","sn6jts-2021-08-01T10:47:09.440Z","17223","My Instagram",,"instagram","2022-08-08 11:45:58.222057","2023-01-17 19:07:14.269308"
"2584","mh8dl-2023-01-18T21:01:24.856Z","10724","Keke Kustom Krocs",,"instagram","2023-01-18 21:01:25.252231","2023-01-18 21:01:25.252231"
"2585","171kx-2023-01-18T21:01:37.682Z","10724","Keke Kosmetics",,"instagram","2023-01-18 21:01:38.025582","2023-01-18 21:01:38.025582"
"2592","27s33e-2023-01-23T11:00:15.095Z","12271","Humdard",,,"2023-01-23 11:00:15.590493","2023-01-23 11:00:15.590493"
"2594","nfw3lo-2023-01-25T07:58:56.661Z","11019","23 Lean",,,"2023-01-25 07:58:57.013274","2023-01-25 07:58:57.013274"
"2601","fm6vj-2023-01-29T01:38:19.608Z","19464","Credit Repair",,"facebook","2023-01-29 01:38:19.94524","2023-01-29 01:38:19.94524"
"2614","f6spu5-2023-02-04T09:52:04.885Z","14203","Food","1998",,"2023-02-04 09:52:05.14857","2023-02-04 09:52:05.14857"
"3785","g5cd9u-2025-10-08T17:46:13.100Z","10290","Lizzie",,,"2025-10-08 17:46:13.582499","2025-10-08 17:46:22.966084"
"2666","ke2jti-2023-02-11T20:30:16.046Z","9100","Anne Ventzel",,,"2023-02-11 20:30:16.310098","2023-02-11 20:30:16.310098"
"2673","taa8g-2023-02-12T20:52:14.320Z","16910","Enquiry -Book",,,"2023-02-12 20:52:14.566833","2023-02-12 20:52:14.566833"
"3786","garcfs-2025-10-11T12:54:04.617Z","16","Test",,,"2025-10-11 12:54:04.831514","2025-10-11 12:54:04.831514"
"2684","xxd6lp-2023-02-22T17:00:54.979Z","12576","Polite",,,"2023-02-22 17:00:55.333868","2023-02-22 17:00:55.333868"
"2692","fz2qhi-2023-02-26T01:45:37.809Z","2629","Business Coaching",,,"2023-02-26 01:45:38.099107","2023-02-26 01:45:38.099107"
"2695","vpmm6-2023-02-26T01:49:05.089Z","2629","Ed Scripts",,,"2023-02-26 01:49:05.384412","2023-02-26 01:49:05.384412"
"2701","y4tiy-2023-03-03T13:01:44.751Z","9100","AKnittersWorld",,,"2023-03-03 13:01:45.190636","2023-03-03 13:01:45.190636"
"3787","fzjfl5-2025-10-14T00:52:34.417Z","15022","short",,,"2025-10-14 00:52:34.850751","2025-10-14 00:52:34.850751"
"2713","wnzc2i-2023-03-11T22:16:40.093Z","20797","Saturday ",,,"2023-03-11 22:16:40.440322","2023-03-11 22:16:40.440322"
"2733","mdi0ec-2023-03-13T07:26:35.557Z","508","IJN",,,"2023-03-13 07:26:35.875724","2023-03-13 07:26:35.875724"
"2740","226t2k-2023-03-14T12:37:39.398Z","21047","Genral",,,"2023-03-14 12:37:40.490298","2023-03-14 12:37:40.490298"
"2746","m5apld-2023-03-15T10:46:03.678Z","10175","Completed post",,"instagram","2023-03-15 10:46:03.990306","2023-03-15 10:46:03.990306"
"2771","7eqks-2023-03-16T18:14:35.397Z","8515","PurpleYouth",,,"2023-03-16 18:14:35.685561","2023-03-16 18:14:35.685561"
"2776","6ipbac-2023-03-20T12:01:11.973Z","21107","Рецепты",,,"2023-03-20 12:01:12.276448","2023-03-20 12:01:12.276448"
"2782","w2fk1s-2023-03-30T08:33:40.933Z","9100","Robinia Light","2666",,"2023-03-30 08:33:41.545885","2023-03-30 08:33:41.545885"
"2787","vbii5k-2023-04-01T15:55:47.966Z","7480","Halidom",,,"2023-04-01 15:55:48.187443","2023-04-01 15:55:48.187443"
"2793","9fdk4-2023-04-03T13:53:35.384Z","21107","My #",,,"2023-04-03 15:22:16.035887","2023-04-03 15:22:16.035887"
"2794","mpgpsg-2023-04-03T13:47:54.852Z","21107","✨СТРАНА ТАЛАНТОВ✨",,,"2023-04-03 15:22:16.043338","2023-04-03 15:22:16.043338"
"2768","cn5l5-2021-12-12T09:12:40.727Z","21107","Insta • next",,"instagram","2023-03-16 13:27:45.567789","2023-04-03 15:22:16.051631"
"2804","r1ni9-2023-04-05T17:23:41.991Z","19284","Taylored to You Co",,,"2023-04-05 17:23:42.258086","2023-04-05 17:23:42.258086"
"1894","wyfuup-2022-05-29T11:05:04.446Z","30","Aida2023",,"instagram","2022-05-29 11:05:05.005665","2023-04-08 17:20:47.781146"
"2811","fsp9up-2023-04-10T00:11:17.182Z","18797","🌸💕Influencer Content💅🏾💕",,"facebook","2023-04-10 00:11:17.742538","2023-04-10 00:11:17.742538"
"2880","y5snfd-2023-04-28T00:39:05.448Z","7096","IOC",,,"2023-04-28 00:39:05.777521","2023-04-28 00:39:05.777521"
"2577","uq0jqn-2023-01-13T18:54:56.773Z","12470","CIBB",,,"2023-01-13 18:54:57.11793","2023-09-14 18:22:54.032803"
"1983","41jpgr-2022-07-01T08:55:47.822Z","16752","Content",,"instagram","2022-07-01 08:55:48.166","2022-07-01 08:55:48.166"
"2009","kx4jre-2022-07-15T14:26:27.670Z","16919","TicTok",,"tiktok","2022-07-15 14:26:26.626488","2022-07-15 14:26:26.626488"
"2051","3s1ixh-2022-07-28T04:11:46.872Z","15823","Wayfinder",,,"2022-07-28 04:11:47.128903","2022-07-28 04:11:47.128903"
"3724","rvlw-2025-06-20T22:19:03.942Z","26121","Quote Text",,,"2025-06-20 22:19:04.771876","2025-06-20 22:19:04.771876"
"3735","rd2cvk-2025-07-28T11:37:07.577Z","2124","Aiikiemaa",,,"2025-07-28 11:37:07.993721","2025-07-28 11:37:07.993721"
"1276","vzbone-2021-11-10T20:03:34.876Z","7834","Tampa Ideas ",,,"2021-11-10 20:03:35.226902","2021-11-10 20:03:35.226902"
"1278","if3v8-2021-11-11T12:41:19.142Z","10577","Holiday Mini Sessions",,,"2021-11-11 12:41:19.421023","2021-11-11 12:41:19.421023"
"1279","nsi638-2021-11-11T16:21:36.623Z","14256","Holiday",,,"2021-11-11 16:27:51.419235","2021-11-11 16:27:51.419235"
"1280","63xu7-2021-11-12T04:43:19.627Z","10568","Day One Parties",,,"2021-11-12 04:43:20.218306","2021-11-12 04:43:20.218306"
"1281","rnr769-2021-11-12T05:17:52.645Z","10568","Day 2 Parties ",,,"2021-11-12 05:17:53.262655","2021-11-12 05:18:18.718683"
"1282","2u0mtd-2021-11-12T05:50:32.802Z","10568","Day 3 Parties",,,"2021-11-12 05:50:33.356629","2021-11-12 05:50:33.356629"
"3779","5fgufa-2025-08-26T03:28:38.975Z","15022","Family",,,"2025-08-26 03:28:39.540659","2025-08-26 03:28:39.540659"
"1284","kwruvo-2021-11-13T00:23:10.100Z","10568","Intro Post",,,"2021-11-13 00:23:10.751033","2021-11-13 00:23:10.751033"
"1285","lhraz5-2021-11-14T17:31:55.163Z","10568","Inspirational",,,"2021-11-14 17:31:55.41949","2021-11-14 17:31:55.41949"
"1286","knva1q-2021-11-14T17:32:21.933Z","10568","Modere Products",,,"2021-11-14 17:32:22.262958","2021-11-14 17:32:22.262958"
"1287","267rbr-2021-11-14T17:33:23.514Z","10568","Nutrition",,,"2021-11-14 17:33:23.815511","2021-11-14 17:33:23.815511"
"2199","mqq5l7-2022-09-03T17:24:04.765Z","13555","Food",,,"2022-09-03 17:24:04.961673","2022-09-03 17:24:04.961673"
"1290","wru56w-2021-11-14T18:57:38.623Z","12271","Sannata Posted Now",,,"2021-11-14 18:57:38.914386","2021-11-14 18:57:38.914386"
"1291","9w6m78-2021-11-15T19:23:37.788Z","12576","LG November 21",,,"2021-11-15 19:23:38.574866","2021-11-15 19:23:38.574866"
"1292","sernic-2021-11-16T01:40:25.898Z","14282","Bio",,"instagram","2021-11-16 01:40:26.386937","2021-11-16 01:40:26.386937"
"1293","3ifpga-2021-11-16T18:13:49.081Z","10568","Collagen Posts",,,"2021-11-16 18:13:49.34987","2021-11-16 18:13:49.34987"
"1294","661lr-2021-11-16T18:14:19.873Z","10568","Trebiotic",,,"2021-11-16 18:14:20.142868","2021-11-16 18:14:20.142868"
"1295","bru3f-2021-11-16T18:15:23.510Z","10568","Business",,,"2021-11-16 18:15:23.766608","2021-11-16 18:15:23.766608"
"1296","qd51mb-2021-11-16T18:17:14.260Z","10568","Engagement",,,"2021-11-16 18:17:14.509809","2021-11-16 18:17:14.509809"
"1297","h50phh-2021-11-16T18:20:53.514Z","10568","Trim LBS",,,"2021-11-16 18:20:53.75532","2021-11-16 18:20:53.75532"
"1298","k6r2so-2021-11-17T01:58:15.048Z","10568","Black Friday Posts",,,"2021-11-17 01:58:15.776673","2021-11-17 01:58:15.776673"
"1299","1aq38c-2021-11-17T16:00:05.449Z","10534","BDM-POD","408",,"2021-11-17 16:00:05.706266","2021-11-17 16:00:05.706266"
"1300","zwz4o-2021-11-17T17:41:07.569Z","14313","michelleyoungfitness",,"instagram","2021-11-17 18:31:25.855697","2021-11-17 18:31:25.855697"
"1301","nhqpg-2021-11-20T00:21:54.421Z","12576","Attentive",,,"2021-11-20 00:21:54.675211","2021-11-20 00:21:54.675211"
"1302","3tmuci-2021-11-20T20:06:32.200Z","14347","Suicide Awareness",,,"2021-11-20 20:09:11.574963","2021-11-20 20:09:11.574963"
"1303","wof8t-2021-11-20T20:19:32.938Z","14347","Bio",,,"2021-11-20 20:19:33.20046","2021-11-20 20:19:33.20046"
"1305","a52qql-2021-11-21T00:32:29.405Z","13999","November 2021","1304","instagram","2021-11-21 00:32:29.676853","2021-11-21 00:32:29.676853"
"1306","fl16gf-2021-11-21T00:41:14.698Z","14320","Beauty ",,,"2021-11-21 00:41:15.137654","2021-11-21 00:41:15.137654"
"1307","o01vbf-2021-11-21T21:56:10.390Z","10840","Twitter",,"twitter","2021-11-21 21:56:11.490556","2021-11-21 21:56:11.490556"
"1308","finl4u-2021-11-21T22:07:49.126Z","7834","Myprotein ",,,"2021-11-21 22:07:49.520503","2021-11-21 22:07:49.520503"
"1309","fceg6b-2021-11-22T00:17:22.961Z","14347","LGBTQIA",,,"2021-11-22 00:17:23.328941","2021-11-22 00:17:23.328941"
"1310","h3fyp8-2021-11-23T14:32:27.067Z","7480","Pielands",,,"2021-11-23 14:32:27.329642","2021-11-23 14:32:27.329642"
"1311","epsba-2021-11-24T01:32:44.337Z","13999","NN",,,"2021-11-24 01:32:45.271027","2021-11-24 01:32:45.271027"
"1312","7dpmam-2021-11-24T01:33:00.706Z","13999","November 2021","1311","instagram","2021-11-24 01:33:01.009721","2021-11-24 01:33:01.009721"
"1304","506f2s-2021-11-21T00:32:00.910Z","13999","FLZ",,,"2021-11-21 00:32:01.927888","2021-11-24 01:33:53.634604"
"1313","s0phb7-2021-11-24T22:16:28.785Z","5333","Etsy Archive",,,"2021-11-24 22:16:29.458239","2021-11-24 22:16:29.458239"
"1314","cm6ncb-2021-11-28T17:59:28.948Z","13999","JSR",,,"2021-11-28 17:59:29.501509","2021-11-28 17:59:29.501509"
"1315","n4o5wq-2021-11-29T16:25:20.132Z","820","* Totally Polished By Ffion",,,"2021-11-29 16:25:20.475039","2021-11-29 16:25:20.475039"
"1316","utza9j-2021-11-29T17:01:54.557Z","820","* Salon Insta Posts",,,"2021-11-29 17:01:55.100495","2021-11-29 17:01:55.100495"
"1317","5pl7wo-2021-11-29T17:24:18.099Z","11935","FEELGOOD SHOP",,,"2021-11-29 17:24:19.242222","2021-11-29 17:24:19.242222"
"1318","7k8w51n-2021-11-29T21:01:10.218Z","7707","REVIEW",,,"2021-11-29 21:01:10.717689","2021-11-29 21:01:27.940585"
"1319","xfk8sd-2021-11-30T15:22:41.285Z","11147","Max",,,"2021-11-30 15:22:41.666062","2021-11-30 15:22:41.666062"
"1320","30pu1-2021-11-30T20:29:45.934Z","13999","SS",,,"2021-11-30 20:29:46.535894","2021-11-30 20:29:46.535894"
"1322","c6onjn-2021-12-01T19:12:21.872Z","12576","LGCo. December 21",,,"2021-12-01 19:12:22.30398","2021-12-01 19:12:22.30398"
"1323","a7hl0d-2021-12-01T20:55:04.658Z","13552","Advent",,,"2021-12-01 20:55:05.035064","2021-12-01 20:55:05.035064"
"1277","s3pm89-2021-11-11T01:06:33.550Z","14247","New Post For Thursday ",,"instagram","2021-11-11 01:06:33.948358","2021-12-02 18:22:31.834062"
"1324","8o0zdg-2021-12-03T01:39:13.149Z","14454","Instagram",,"instagram","2021-12-03 01:39:13.403697","2021-12-03 01:39:13.403697"
"1325","u0hcog-2021-12-03T14:26:37.887Z","11147","Keon",,,"2021-12-03 14:26:38.101869","2021-12-03 14:26:38.101869"
"2203","mgdtmc-2022-09-07T13:31:56.663Z","8269","Words",,,"2022-09-07 13:31:56.969743","2022-09-07 13:31:56.969743"
"1338","osls1f-2021-12-06T17:30:40.832Z","14468","WW","1330",,"2021-12-06 17:30:41.050028","2021-12-06 17:30:41.050028"
"1339","tq19tr-2021-12-06T17:30:52.249Z","14468","ig","1330","instagram","2021-12-06 17:30:52.468138","2021-12-06 17:30:52.468138"
"2246","4pp24b-2022-09-30T17:19:01.595Z","6608","Posted",,,"2022-09-30 17:19:01.859037","2022-09-30 17:19:01.859037"
"1330","k7taj-2021-12-04T19:54:41.530Z","14468","Bio",,,"2021-12-04 19:54:41.821228","2021-12-04 19:54:41.821228"
"1331","oqrmx-2021-12-04T23:28:23.219Z","13999","December 2021","1304","instagram","2021-12-04 23:28:23.935899","2021-12-05 03:31:56.831393"
"1333","v0x9bc-2021-12-06T00:50:52.370Z","13999","December 2021","1311","instagram","2021-12-06 00:50:53.227752","2021-12-06 00:50:53.227752"
"1335","3npzd8-2021-12-06T17:28:08.334Z","14468","Captions",,"instagram","2021-12-06 17:28:08.658023","2021-12-06 17:28:08.658023"
"1341","wxp9-2021-12-06T22:04:00.803Z","14468","WW","1335",,"2021-12-06 22:04:01.021541","2021-12-06 22:04:01.021541"
"1342","t5boch-2021-12-06T22:04:27.755Z","14468","IG Captions","1335","instagram","2021-12-06 22:04:27.960407","2021-12-06 22:04:27.960407"
"1343","i6rwme-2021-12-07T19:17:36.362Z","12036","Limitless",,,"2021-12-07 19:17:36.669456","2021-12-07 19:17:36.669456"
"1345","0vpee-2021-12-07T19:42:17.070Z","197","WEST SIDE STORY","1344",,"2021-12-07 19:42:17.384516","2021-12-07 19:42:17.384516"
"1347","9vemol-2021-12-08T14:53:32.206Z","14468","Saved Accounts To Follow",,,"2021-12-08 14:53:32.569902","2021-12-08 14:53:32.569902"
"1348","1ygjt9-2021-12-09T07:35:03.834Z","14509","lips ",,,"2021-12-09 07:35:04.114935","2021-12-09 07:35:04.114935"
"1350","gbijmai-2021-12-09T19:48:29.746Z","12576","Christmas Text",,,"2021-12-09 19:48:30.413059","2021-12-09 19:48:30.413059"
"1340","yh5t7h-2021-12-06T18:25:40.872Z","197","EL PLAN",,,"2021-12-06 18:25:42.122132","2022-02-04 13:47:29.12475"
"1984","j65oa7-2022-07-01T14:06:18.064Z","11147","Matthew",,,"2022-07-01 14:06:18.524199","2022-07-01 14:06:18.524199"
"1352","9pwykj-2021-12-11T14:27:32.578Z","2009","Social Advertising",,,"2021-12-11 14:27:33.012127","2021-12-11 14:27:33.012127"
"1353","7zr5g8-2021-12-15T17:36:35.320Z","14468","LinkedIn","1330","linkedin","2021-12-15 17:36:35.566781","2021-12-15 17:36:35.566781"
"1354","xx83hn-2021-12-15T17:37:01.678Z","14468","Misc","1335",,"2021-12-15 17:37:01.906831","2021-12-15 17:37:01.906831"
"1355","axf26o-2021-12-15T17:37:47.864Z","14468","Work","1330",,"2021-12-15 17:37:48.07237","2021-12-15 17:37:48.07237"
"1356","dqdyg4-2021-12-15T17:38:06.450Z","14468","Misc","1330",,"2021-12-15 17:38:06.671357","2021-12-15 17:38:06.671357"
"1357","amnvvb-2021-12-16T18:52:59.108Z","12106","Main Page Hashtags",,"instagram","2021-12-16 18:53:00.02235","2021-12-16 18:53:00.02235"
"1358","qm69k-2021-12-19T04:20:22.031Z","14247","Sunday Post ",,"instagram","2021-12-19 04:20:22.298037","2021-12-19 04:20:22.298037"
"1359","bhhstk-2021-12-19T15:50:56.493Z","14347","Life",,,"2021-12-19 15:50:56.835606","2021-12-19 15:50:56.835606"
"1360","hluzya-2021-12-20T16:32:13.984Z","10568","Preggo",,,"2021-12-20 16:32:14.327707","2021-12-20 16:32:14.327707"
"3736","tqntro-2025-07-28T22:37:29.083Z","2124","Shop Chayilpreneur",,,"2025-07-28 22:37:29.39711","2025-07-28 22:37:29.39711"
"3780","7ayys9-2025-08-26T05:19:51.156Z","15022","LinkedIn ",,"linkedin","2025-08-26 05:19:55.60694","2025-08-26 05:19:55.60694"
"1364","emxc1-2021-12-09T21:45:30.499Z","14461","Fics",,,"2021-12-22 22:24:08.607824","2021-12-22 22:24:08.607824"
"1365","gqq9bp-2021-12-22T22:24:41.173Z","14461","Other Shit",,,"2021-12-22 22:24:41.501519","2021-12-22 22:24:41.501519"
"1366","lecwp-2021-12-22T22:25:29.416Z","14461","Post Drafts",,,"2021-12-22 22:25:29.754491","2021-12-22 22:25:29.754491"
"1367","j45zc-2021-12-24T07:00:04.426Z","10908","Profile ",,,"2021-12-24 07:00:04.660801","2021-12-24 07:00:04.660801"
"3789","4wglfk-2025-11-02T22:11:45.141Z","7265","Nia",,,"2025-11-02 22:11:45.304023","2025-11-02 22:11:45.304023"
"3822","tjyvs-2025-11-14T19:49:36.085Z","15022","Ticktok",,"tiktok","2025-11-14 19:49:36.567835","2025-11-14 19:49:36.567835"
"1369","h7ramg-2021-12-24T14:42:44.328Z","13471","IG",,"instagram","2021-12-24 14:42:44.57011","2021-12-24 14:42:44.57011"
"1370","ztabz8-2021-12-24T14:47:46.338Z","13471","FB",,"facebook","2021-12-24 14:47:46.591603","2021-12-24 14:47:46.591603"
"1371","egwc7h-2021-12-27T01:11:53.498Z","11147","Brandon Personal",,,"2021-12-27 01:11:54.000435","2021-12-27 01:11:54.000435"
"1372","aonhhi-2021-12-27T23:11:14.880Z","12036","Intention setting workshop",,,"2021-12-27 23:11:15.104837","2021-12-27 23:11:15.104837"
"1374","fqkkga-2021-12-29T20:20:00.922Z","14203","Job Alert","9ufx46-2021-12-29T20:04:24.235Z",,"2021-12-29 21:56:12.213764","2021-12-29 21:56:12.213764"
"1375","uuuyj-2021-12-29T20:17:49.184Z","14203","Glow Team","9ufx46-2021-12-29T20:04:24.235Z",,"2021-12-29 21:56:12.220667","2021-12-29 21:56:12.220667"
"1376","h4tumr-2021-12-29T20:17:05.935Z","14203","Αποτρίχωση Με Κλωστή ","9ufx46-2021-12-29T20:04:24.235Z",,"2021-12-29 21:56:12.226986","2021-12-29 21:56:12.226986"
"1377","hehojn-2021-12-29T20:16:32.550Z","14203","Tattoo","9ufx46-2021-12-29T20:04:24.235Z",,"2021-12-29 21:56:12.233455","2021-12-29 21:56:12.233455"
"1378","8zhe4l-2021-12-29T20:10:14.219Z","14203","Videos","9ufx46-2021-12-29T20:04:24.235Z",,"2021-12-29 21:56:12.239929","2021-12-29 21:56:12.239929"
"1379","0vg1xq-2021-12-29T20:09:47.283Z","14203","Products","9ufx46-2021-12-29T20:04:24.235Z",,"2021-12-29 21:56:12.246187","2021-12-29 21:56:12.246187"
"1380","6dj5hs-2021-12-29T20:09:28.950Z","14203","Ήξερες Ότι Story","9ufx46-2021-12-29T20:04:24.235Z",,"2021-12-29 21:56:12.252743","2021-12-29 21:56:12.252743"
"1381","2irwl-2021-12-29T20:09:13.191Z","14203","X Mas Gifts","9ufx46-2021-12-29T20:04:24.235Z",,"2021-12-29 21:56:12.259036","2021-12-29 21:56:12.259036"
"1382","tubdfj-2021-12-29T20:09:00.943Z","14203","Workshop","9ufx46-2021-12-29T20:04:24.235Z",,"2021-12-29 21:56:12.265516","2021-12-29 21:56:12.265516"
"1383","6yv03-2021-12-29T20:08:50.814Z","14203","Nails","9ufx46-2021-12-29T20:04:24.235Z",,"2021-12-29 21:56:12.271906","2021-12-29 21:56:12.271906"
"1384","s9eydb-2021-12-29T20:08:39.055Z","14203","Lash Lift","9ufx46-2021-12-29T20:04:24.235Z",,"2021-12-29 21:56:12.278083","2021-12-29 21:56:12.278083"
"1385","ukpwqg-2021-12-29T20:06:15.543Z","14203","Brow Lift","9ufx46-2021-12-29T20:04:24.235Z",,"2021-12-29 21:56:12.284165","2021-12-29 21:56:12.284165"
"1387","ch4rbj-2022-01-01T04:03:40.339Z","12933","Posted",,,"2022-01-01 04:03:40.919586","2022-01-01 04:03:40.919586"
"1388","orzsee-2021-12-30T15:48:15.938Z","14670","Personal",,,"2022-01-01 15:38:16.628357","2022-01-01 15:38:16.628357"
"1389","a3i51h-2021-12-30T15:48:01.152Z","14670","Stories By Sammy [Marketing]",,,"2022-01-01 15:38:16.634208","2022-01-01 15:38:16.634208"
"1390","lt77pm-2021-12-30T15:47:28.107Z","14670","@jkellyhealth",,,"2022-01-01 15:38:16.639158","2022-01-01 15:38:16.639158"
"1391","kv7y8s-2021-12-30T15:46:51.372Z","14670","Dental Arts of Atlantis",,,"2022-01-01 15:38:16.644229","2022-01-01 15:38:16.644229"
"1392","fd0ldj-2022-01-02T04:07:03.219Z","1349","Upcoming Posts",,,"2022-01-02 04:07:03.436524","2022-01-02 04:07:03.436524"
"1393","by5ouf-2022-01-02T06:38:47.367Z","13804","2022",,"instagram","2022-01-02 06:38:47.656318","2022-01-02 06:38:47.656318"
"1394","q4nnyg-2022-01-02T14:53:34.802Z","10012","Salon General",,,"2022-01-02 14:53:35.24718","2022-01-02 14:53:35.24718"
"1395","xkmxdn-2022-01-02T14:56:36.157Z","10012","Skin Base Microdermabrasion ",,,"2022-01-02 14:56:36.619324","2022-01-02 14:56:36.619324"
"3824","md5o9f-2025-12-02T17:23:51.789Z","5513","Deleted Reviews",,,"2025-12-02 17:23:52.32829","2025-12-02 17:23:52.32829"
"3825","k84fhf-2025-12-05T02:20:59.309Z","15022","Market Update - Should You Move",,,"2025-12-05 02:20:59.712148","2025-12-05 02:20:59.712148"
"1386","9ufx46-2021-12-29T20:04:24.235Z","14203","2. Glow Bar ",,,"2021-12-29 21:56:12.29147","2023-05-03 10:55:53.715417"
"1373","1jh2ef-2021-12-29T20:21:51.401Z","14203","3. Sweet Point",,,"2021-12-29 21:56:12.203142","2023-05-03 10:56:23.749778"
"3726","6cv143-2025-06-25T11:39:32.089Z","19784","RepsResults",,,"2025-06-25 11:39:32.466509","2025-06-25 11:39:32.466509"
"3737","b79oohh-2025-07-30T06:38:03.242Z","460","SUBSCRIPTION",,,"2025-07-30 06:38:03.684824","2025-07-30 06:38:03.684824"
"3781","ppovjo-2025-08-27T13:49:44.306Z","460","Digitals",,,"2025-08-27 13:49:45.102614","2025-08-27 13:49:45.102614"
"2076","bm2i4u-2022-08-09T02:27:29.477Z","10561","Ready 2 Post ",,"instagram","2022-08-09 02:27:29.958432","2022-08-09 02:28:15.867148"
"2408","r8xfso-2022-11-14T06:27:59.471Z","18642","Bio",,"instagram","2022-11-14 06:27:59.692038","2022-11-14 06:27:59.692038"
"2422","5bkes6-2022-11-15T18:44:16.576Z","14461","Ikemen Tumblr Posts",,,"2022-11-15 18:44:16.894356","2022-11-15 18:44:16.894356"
"2229","musd5b-2022-09-15T15:10:10.768Z","6608","NEW Content - Start Sept. 30, 2022",,"instagram","2022-09-15 15:10:11.17049","2022-09-30 17:18:27.229225"
"2438","kru7w-2022-11-24T08:59:21.497Z","17223","House Of Colour Reading",,,"2022-11-24 08:59:22.510929","2022-11-24 08:59:22.510929"
"2454","xnmi4q-2022-11-27T22:58:03.707Z","18790","Food","2449",,"2022-11-27 22:58:03.943498","2022-11-27 22:58:03.943498"
"2470","26bn5l-2022-11-28T11:20:05.097Z","13552","Events And Follow Up",,,"2022-11-28 11:20:05.367897","2022-11-28 11:20:05.367897"
"2487","wvh5gg-2022-12-04T18:55:02.083Z","15571","Por Post ",,"instagram","2022-12-04 18:55:02.537534","2022-12-04 18:55:02.537534"
"2508","6ij7zq-2022-12-15T21:52:22.149Z","14785","Sales",,,"2022-12-15 21:52:22.38821","2022-12-15 21:52:22.38821"
"2518","7g3s6i-2022-12-21T04:49:56.813Z","18652","Why I Got Into Photography","2517","instagram","2022-12-21 04:49:57.223391","2022-12-21 04:49:57.223391"
"2519","zjx6y8-2022-12-21T04:59:56.059Z","18652","Beauty","2517","instagram","2022-12-21 04:59:56.345449","2022-12-21 04:59:56.345449"
"2531","u2cjn-2022-12-29T00:03:08.793Z","351","Education",,"instagram","2022-12-29 00:03:09.112361","2022-12-29 00:03:09.112361"
"2550","a4pec-2023-01-04T20:42:21.002Z","14618","Ready To Post ",,,"2023-01-04 20:42:21.873839","2023-01-04 20:42:21.873839"
"2557","d8rv2a-2023-01-05T17:44:17.103Z","6154","love 🥪",,,"2023-01-05 17:44:17.649809","2023-01-05 17:44:17.649809"
"2561","77nzis-2022-06-13T02:53:39.587Z","19430","Impact > Influence ",,,"2023-01-10 04:53:47.506602","2023-01-10 04:53:47.506602"
"2267","xsaoj8-2022-10-11T10:31:35.392Z","18215","Hashtags",,,"2022-10-11 10:31:35.740459","2022-10-11 10:31:35.740459"
"2326","tqy6up-2022-10-26T14:18:10.951Z","10568","Perspective ",,,"2022-10-26 14:18:11.446562","2022-10-26 14:18:11.446562"
"2565","vnuk7-2021-01-18T02:56:50.907Z","19430","November Media IG Content (Instagram Post)",,,"2023-01-10 04:53:47.537618","2023-01-10 04:53:47.537618"
"2388","8bxn7l-2022-11-02T09:54:56.319Z","13118","repro",,,"2022-11-02 09:54:57.011089","2022-11-02 09:54:57.011089"
"2399","4htkko-2022-11-06T14:51:18.075Z","14203","Product","1549",,"2022-11-06 14:51:18.479876","2022-11-06 14:51:18.479876"
"2570","siblg-2021-01-18T02:57:27.452Z","19430","About Me",,,"2023-01-10 04:53:47.578598","2023-01-10 04:53:47.578598"
"2574","6x720c-2023-01-11T23:17:56.976Z","14785","Social Media ",,,"2023-01-11 23:17:57.585743","2023-01-11 23:17:57.585743"
"2578","wm8t6-2023-01-13T19:13:32.784Z","11147","HyeonMin",,,"2023-01-13 19:13:33.50693","2023-01-13 19:13:33.50693"
"2586","5h2sz5-2023-01-18T23:45:38.494Z","19585","Hi",,"instagram","2023-01-18 23:45:39.836189","2023-01-18 23:45:39.836189"
"2593","62wn5-2023-01-23T16:39:24.402Z","820","Nicola",,"instagram","2023-01-23 16:39:24.759139","2023-01-23 16:39:24.759139"
"2595","dgehfr-2023-01-25T23:47:38.118Z","10568","Hormones",,,"2023-01-25 23:47:39.252852","2023-01-25 23:47:39.252852"
"2602","cw1hae-2023-01-29T01:44:59.663Z","19464","Tax Scripts",,,"2023-01-29 01:44:59.971263","2023-01-29 01:44:59.971263"
"2566","vfed98-2021-01-18T02:59:28.544Z","19430","Random Thoughts",,,"2023-01-10 04:53:47.545129","2024-01-03 23:23:58.075048"
"2617","1kydhd-2023-02-05T08:39:13.998Z","13118","immune ",,,"2023-02-05 08:39:14.421339","2023-02-05 08:39:14.421339"
"2667","9q9i0s-2023-02-12T02:38:04.611Z","19784","Willpower",,,"2023-02-12 02:38:05.183586","2023-02-12 02:38:05.183586"
"2661","rzwmoc-2023-02-09T17:39:45.479Z","12633","L  I  F  E  Coaching ",,,"2023-02-09 17:39:45.751427","2023-02-12 14:51:00.627839"
"2674","10wjpd-2023-02-12T20:52:35.631Z","16910","Instagram",,"instagram","2023-02-12 20:52:35.880206","2023-02-12 20:52:35.880206"
"2679","7edabo-2023-02-17T10:04:06.655Z","9100","Robinia","2666",,"2023-02-17 10:04:07.194312","2023-02-17 10:04:07.194312"
"2685","gyi85m-2023-02-22T19:58:01.475Z","15848","New Listing",,,"2023-02-22 19:58:01.704673","2023-02-22 19:58:01.704673"
"2693","2r4v2-2023-02-26T01:47:37.772Z","2629","Success Stories",,,"2023-02-26 01:47:38.075227","2023-02-26 01:47:38.075227"
"2702","3fifmn-2023-03-04T18:40:28.029Z","19510","UP INSPIRED KITCHEN",,,"2023-03-04 18:40:28.468792","2023-03-04 18:40:28.468792"
"2708","kl526f-2023-03-09T13:52:40.372Z","12633","4 Agreements",,,"2023-03-09 13:52:40.815045","2023-03-09 13:52:40.815045"
"2714","ew4xlb-2023-03-11T22:18:52.130Z","3701","Archive ",,,"2023-03-11 22:18:52.653871","2023-03-11 22:18:52.653871"
"2721","qxkqsw-2023-03-12T08:38:09.909Z","20797","Nail Tech ",,,"2023-03-12 08:38:10.235494","2023-03-12 08:38:10.235494"
"2723","xzmk7w-2023-03-12T08:54:15.440Z","20797","St. Patrick’s Day",,,"2023-03-12 08:54:15.971476","2023-03-12 08:54:15.971476"
"2735","hyaa5-2023-03-13T08:08:10.598Z","20797","Virtual assistant",,,"2023-03-13 08:08:10.868276","2023-03-13 08:08:10.868276"
"2741","7c5mh-2023-03-14T12:41:03.453Z","15534","ebay™",,,"2023-03-14 12:41:03.645712","2023-03-14 12:42:57.875324"
"2772","w1xj2w-2023-03-17T17:23:28.769Z","20797","Spring ",,,"2023-03-17 17:23:29.212016","2023-03-17 17:23:29.212016"
"2783","kvo4te-2023-03-31T10:32:30.290Z","20797","Network Marjeting ",,,"2023-03-31 10:32:30.702345","2023-03-31 10:32:30.702345"
"2788","z1dvg-2023-04-01T17:05:42.090Z","18144","Gratitude",,,"2023-04-01 17:05:42.358801","2023-04-01 17:05:42.358801"
"2801","lzqk1t-2023-04-04T16:54:20.588Z","21509","Glo2Facial",,,"2023-04-04 16:54:21.127521","2023-04-04 16:54:21.127521"
"2805","8v1zk-2023-04-07T12:20:18.204Z","21557","Dance",,,"2023-04-07 12:20:18.402706","2023-04-07 12:20:18.402706"
"2822","ukvdd-2023-04-12T21:45:09.749Z","11019","AI Content ","2591",,"2023-04-12 21:45:10.041682","2023-04-12 21:45:10.041682"
"2825","d7yavp-2023-04-15T20:01:53.020Z","12576","Nicole Case Speaks",,,"2023-04-15 20:01:53.242827","2023-04-15 20:01:53.242827"
"2053","1r54rn-2022-07-28T11:34:41.966Z","14203","7. Zip Line",,,"2022-07-28 11:34:42.5021","2023-05-03 10:57:53.296461"
"2200","4gpahp-2022-09-04T01:35:01.828Z","557","visuallkae",,"tiktok","2022-09-04 01:35:02.071174","2024-05-15 00:31:27.096763"
"3738","4dxovh-2025-07-30T06:38:26.672Z","460","FAITH & FINS",,,"2025-07-30 06:38:26.910273","2025-07-30 06:38:26.910273"
"1426","6cppoj-2022-01-02T18:45:53.310Z","14683","Book Reviews",,"instagram","2022-01-02 18:45:53.704079","2022-01-02 18:45:53.704079"
"2722","3t7kp9-2023-03-12T08:51:44.587Z","20797","Waxing ",,,"2023-03-12 08:51:44.885178","2023-03-12 08:51:44.885178"
"2729","t9wqi9-2023-03-12T11:02:09.951Z","20797","Skincare Quotes ",,,"2023-03-12 11:02:10.255529","2023-03-12 11:02:10.255529"
"2054","dmz9o6-2022-07-30T05:25:44.835Z","13804","Healthy Can Be Pretty",,"instagram","2022-07-30 05:25:45.202336","2022-07-30 05:25:45.202336"
"2077","l4iq96-2022-08-10T13:06:44.908Z","12499","Quotes",,"instagram","2022-08-10 13:06:45.232039","2022-08-10 13:06:45.232039"
"2201","wvu94y-2022-09-04T04:01:13.208Z","13550","Gen And Mani Gen",,,"2022-09-04 04:01:13.485644","2022-09-04 04:01:13.485644"
"2736","ukkuvn-2023-03-13T19:16:51.961Z","19510","Used UJ captions",,,"2023-03-13 19:16:52.263265","2023-03-13 19:16:52.263265"
"2206","6winh4-2022-09-07T15:18:47.492Z","3701","BASBAR 19th-25th Sept",,"instagram","2022-09-07 15:18:47.774526","2022-09-20 14:56:52.486774"
"2742","s69izm-2023-03-14T12:41:19.459Z","15534","Feedback","2741",,"2023-03-14 12:41:19.666465","2023-03-14 12:41:19.666465"
"2744","a2ln5r-2023-03-14T12:50:20.854Z","12791","Lash Factor",,,"2023-03-14 12:50:21.136182","2023-03-14 12:50:21.136182"
"2268","yae1s-2022-10-11T12:50:08.881Z","18003","Laser",,,"2022-10-11 12:50:09.147747","2022-10-11 12:50:09.147747"
"2306","wtrktr-2022-10-16T18:11:55.120Z","13552","Ambasadors",,,"2022-10-16 18:11:56.036755","2022-10-16 18:11:56.036755"
"2327","5pkt2b-2022-10-26T14:19:58.320Z","10568","Benefit",,,"2022-10-26 14:19:58.806216","2022-10-26 14:19:58.806216"
"2328","vc91m4-2022-10-26T14:26:57.341Z","10568","Sales - Biz",,,"2022-10-26 14:26:57.93165","2022-10-26 14:26:57.93165"
"2389","krzjan-2022-11-03T07:24:31.064Z","13118","energetics",,,"2022-11-03 07:24:31.451326","2022-11-03 07:24:31.451326"
"2400","16zpkt-2022-11-07T23:01:14.485Z","820","This Week",,,"2022-11-07 23:01:15.574814","2022-11-07 23:01:15.574814"
"2409","gd5z5j-2022-11-14T06:36:40.925Z","18642","Face",,"facebook","2022-11-14 06:36:41.146372","2022-11-14 06:36:41.146372"
"2423","4g2te-2022-11-16T18:09:01.095Z","6631","Stories","1252","instagram","2022-11-16 18:09:01.674811","2022-11-16 18:09:01.674811"
"2456","5b0q42-2022-11-27T23:19:33.535Z","18790","Coffee","2447",,"2022-11-27 23:19:33.770313","2022-11-27 23:19:33.770313"
"2458","33uedc-2022-11-27T23:20:10.798Z","18790","Beauty","2447",,"2022-11-27 23:20:11.03316","2022-11-27 23:20:11.03316"
"2471","540hd3-2022-11-28T14:44:00.815Z","820","28th Nov - 4th Dec",,,"2022-11-28 14:44:01.398994","2022-11-28 14:44:01.398994"
"2748","g7oag8-2023-03-15T20:56:28.967Z","20797","Real estate ",,,"2023-03-15 20:56:29.265041","2023-03-15 20:56:29.265041"
"2509","is6pzh-2022-12-15T21:53:15.993Z","14785","Frollein S Production",,,"2022-12-15 21:53:16.234283","2022-12-15 21:53:16.234283"
"2520","eknal8-2022-12-21T05:51:17.331Z","18652","Bio",,"instagram","2022-12-21 05:51:17.745198","2022-12-21 05:51:17.745198"
"2533","e9qqxx-2022-12-29T18:44:23.678Z","23","Super Tour ‘23",,,"2022-12-29 18:44:23.906983","2022-12-29 18:44:23.906983"
"2551","7tmqc-2023-01-04T20:45:25.077Z","14618","Add Hashtags ",,,"2023-01-04 20:45:25.360896","2023-01-04 20:45:25.360896"
"2558","l0t7g-2023-01-06T15:37:21.409Z","11147","Mo",,,"2023-01-06 15:37:22.059211","2023-01-06 15:37:22.059211"
"2575","yohzyj-2023-01-12T05:29:33.824Z","19471","Videos",,,"2023-01-12 05:29:34.044263","2023-01-12 05:29:34.044263"
"2587","b9nse-2023-01-19T01:33:15.038Z","18678","Classes & Workshops",,,"2023-01-19 01:33:15.264901","2023-01-19 01:33:15.264901"
"2596","3yontu-2023-01-26T13:30:16.195Z","19784","Look Good Naked Woman",,,"2023-01-26 13:30:16.423368","2023-01-26 13:30:16.423368"
"2603","2dg9cm-2023-01-30T00:10:39.066Z","10568","Project 23",,,"2023-01-30 00:10:39.562218","2023-01-30 00:10:39.562218"
"2610","ucrc1-2023-02-03T11:47:16.979Z","9100","NORgardknitters",,,"2023-02-03 11:47:18.166417","2023-02-03 11:48:34.901143"
"2656","doqo9j-2023-02-07T17:59:57.132Z","13247","Jasmine",,"instagram","2023-02-07 17:59:57.832291","2023-02-07 17:59:57.832291"
"2668","6h755f-2023-02-12T02:41:07.958Z","19784","Delayed Gratification",,,"2023-02-12 02:41:08.209413","2023-02-12 02:41:08.209413"
"2675","m4nrj-2023-02-13T14:43:28.383Z","6807","The Mighty",,,"2023-02-13 14:43:28.782031","2023-02-13 14:43:28.782031"
"2680","34yi9q-2023-02-20T10:54:49.582Z","9100","Lynæs Surfcenter",,,"2023-02-20 10:54:49.908034","2023-02-20 10:54:49.908034"
"2686","6bplif-2023-02-24T13:31:50.436Z","19291","Items To Post ",,,"2023-02-24 13:31:50.786908","2023-02-24 13:31:50.786908"
"2703","y3r8wj-2023-03-05T18:43:57.314Z","20797","Collagen",,,"2023-03-05 18:43:57.692765","2023-03-05 18:43:57.692765"
"2709","zwj8u8-2023-03-10T15:24:55.157Z","12633","Now Booking",,,"2023-03-10 15:24:55.569833","2023-03-10 15:24:55.569833"
"2716","xmdcyl-2023-03-11T23:27:44.784Z","20797","Menopause",,,"2023-03-11 23:27:45.176777","2023-03-11 23:27:45.176777"
"2773","758nec-2023-03-17T17:41:53.554Z","20797","Wellness",,,"2023-03-17 17:41:53.839841","2023-03-17 17:41:53.839841"
"2789","e84rgk-2023-04-02T18:06:13.653Z","21470","Racing ",,,"2023-04-02 18:06:13.871606","2023-04-02 18:06:13.871606"
"2790","ftk2ut-2023-04-02T18:06:21.393Z","21470","Cats",,,"2023-04-02 18:06:21.607826","2023-04-02 18:06:21.607826"
"2802","c3djni-2023-04-04T16:55:04.515Z","21509","Prospecting",,,"2023-04-04 16:55:04.813479","2023-04-04 16:55:04.813479"
"2809","k63wj3-2023-04-09T11:11:04.318Z","30","Orkney Ilans",,"instagram","2023-04-09 11:11:04.794953","2023-04-09 11:11:04.794953"
"2813","jkczrd-2023-04-11T13:54:22.101Z","3822","Health",,,"2023-04-11 13:54:22.272533","2023-04-11 13:54:22.272533"
"2777","0v9ko-2023-03-22T10:11:52.195Z","15488","Brugte Posts ✨",,,"2023-03-22 10:11:52.447423","2023-04-20 11:37:06.296854"
"3739","poeqkr-2025-07-31T15:53:32.089Z","12036","Templates",,,"2025-07-31 15:53:32.700572","2025-07-31 15:53:32.700572"
"2239","augbv-2022-09-23T13:42:21.630Z","7480","Jinbei West",,,"2022-09-23 13:42:21.840928","2022-09-23 13:42:21.840928"
"2079","ghebek-2022-07-22T13:05:27.743Z","17263","REEL GUILD PRESETS",,"instagram","2022-08-11 13:19:30.255858","2022-08-11 13:19:30.255858"
"2078","8j4k5h-2022-08-02T11:38:12.320Z","17263","IG BIOS",,"instagram","2022-08-11 13:19:30.248748","2022-08-11 13:19:30.248748"
"2080","gflk4o-2022-08-02T10:52:42.893Z","17263","REEL GUILD CAPTIONS",,"instagram","2022-08-11 13:19:30.262012","2022-08-11 13:19:30.262012"
"2081","92anm-2022-07-22T13:05:16.143Z","17263","OLV",,"instagram","2022-08-11 13:19:30.268826","2022-08-11 13:19:30.268826"
"2208","gttvyi-2022-09-08T13:09:30.365Z","13552","Spread Your Wings 2022",,,"2022-09-08 13:09:30.606841","2022-09-08 13:09:30.606841"
"1480","qw85g4-2022-01-03T19:21:27.336Z","11147","Joel",,,"2022-01-03 19:21:27.730163","2022-01-03 19:21:27.730163"
"1481","hkglf-2022-01-04T02:37:51.933Z","11215","Engagement",,,"2022-01-04 02:37:52.222068","2022-01-04 02:37:52.222068"
"1482","8b8jzi-2022-01-04T16:45:02.809Z","7480","Nina & Rafi",,,"2022-01-04 16:45:03.022876","2022-01-04 16:45:03.022876"
"1483","4pgqpc-2022-01-04T18:33:40.798Z","7480","Hampton & Hudson",,,"2022-01-04 18:33:41.012493","2022-01-04 18:33:41.012493"
"1484","7z5tn-2022-01-05T15:07:09.457Z","11147","kajus",,,"2022-01-05 15:07:09.904002","2022-01-05 15:07:09.904002"
"1485","1s0vaj-2022-01-05T20:56:46.758Z","10290","Quotes",,,"2022-01-05 20:56:47.052141","2022-01-05 20:56:47.052141"
"1486","gwcw0q-2022-01-05T21:12:49.485Z","13835","Invisa",,,"2022-01-05 21:12:51.014826","2022-01-05 21:12:51.014826"
"1487","m3qxx5-2022-01-07T14:34:43.182Z","11147","Jean-Desire",,,"2022-01-07 14:34:43.624415","2022-01-07 14:34:43.624415"
"1488","t2tny3-2022-01-07T22:05:39.423Z","14767","Wc 10.01.21",,"instagram","2022-01-07 22:05:39.722439","2022-01-07 22:05:39.722439"
"1489","6gaqc-2022-01-09T14:30:00.647Z","14781","NYC",,,"2022-01-09 14:30:00.864252","2022-01-09 14:30:00.864252"
"1490","f9u1xb-2022-01-09T16:38:11.559Z","14782","Book Reviews",,,"2022-01-09 16:50:45.31456","2022-01-09 16:50:45.31456"
"1491","wddks-2022-01-10T04:19:50.057Z","14785","New Retail",,,"2022-01-10 04:19:50.436972","2022-01-10 04:19:50.436972"
"1492","4ph3pk-2022-01-10T04:43:50.063Z","14785","Pre-orders",,,"2022-01-10 04:43:50.335977","2022-01-10 04:43:50.335977"
"1493","3celnm-2022-01-11T20:16:08.089Z","307","Hellofit",,"instagram","2022-01-11 20:16:08.323372","2022-01-11 20:16:08.323372"
"1494","b9hy-2022-01-11T20:16:24.881Z","307","Family Fun",,"facebook","2022-01-11 20:16:25.118331","2022-01-11 20:16:25.118331"
"1497","j9pu4e-2022-01-12T15:57:38.350Z","14461","Headcanons",,,"2022-01-12 15:57:38.628844","2022-01-12 15:57:38.628844"
"1498","16sek9-2022-01-13T00:50:18.867Z","10290","Cats",,,"2022-01-13 00:50:19.094271","2022-01-13 00:50:19.094271"
"1499","a560ow-2022-01-13T08:02:23.473Z","14169","Hashtag",,"instagram","2022-01-13 08:02:23.776168","2022-01-13 08:02:23.776168"
"1500","wbq0m-2022-01-14T00:26:33.969Z","14782","Book Tours",,,"2022-01-14 00:26:34.259548","2022-01-14 00:26:34.259548"
"1501","myq2t4-2022-01-15T20:50:56.577Z","14767","W/c 16th",,"instagram","2022-01-15 20:50:56.861874","2022-01-15 20:50:56.861874"
"1503","dxqb81-2022-01-16T02:22:56.965Z","14837","Shannie’s Kreationz",,"instagram","2022-01-16 02:22:57.258618","2022-01-16 02:22:57.258618"
"1504","14b7yb-2022-01-16T02:42:44.344Z","14837","Bio","1503","instagram","2022-01-16 02:42:44.60686","2022-01-16 02:42:44.60686"
"1505","h4nclo-2022-01-16T02:43:11.610Z","14837","Post","1503","instagram","2022-01-16 02:43:11.880882","2022-01-16 02:43:11.880882"
"1506","qmtpcy-2022-01-16T17:18:10.951Z","14461","Star Crossed Myth Erotica",,,"2022-01-16 17:18:11.371239","2022-01-16 17:18:11.371239"
"1507","dppl5d-2022-01-16T17:34:43.979Z","14461","50 Kisses 2.0",,,"2022-01-16 17:34:44.396784","2022-01-16 17:34:44.396784"
"1508","m4xtjp-2022-01-16T19:25:18.361Z","14203","Brow Lift ","1382",,"2022-01-16 19:25:24.112584","2022-01-16 19:25:24.112584"
"1509","po8956-2022-01-16T19:25:27.685Z","14203","Lash Lift","1382",,"2022-01-16 19:25:29.493556","2022-01-16 19:25:29.493556"
"1510","uxjej4-2022-01-16T22:05:57.557Z","557","7ittleleaf",,"twitter","2022-01-16 22:05:57.90669","2022-01-16 22:05:57.90669"
"1511","u2dty-2022-01-16T23:11:07.334Z","13482","About Company",,"instagram","2022-01-16 23:11:07.647838","2022-01-16 23:11:07.647838"
"1512","92idvk-2022-01-17T04:09:26.000Z","13999","January 2022","1311","instagram","2022-01-17 04:09:26.354414","2022-01-17 04:09:26.354414"
"1513","vjf1aa-2022-01-17T12:55:53.860Z","5513","Gym Quotes",,,"2022-01-17 12:55:54.194558","2022-01-17 12:55:54.194558"
"1351","divhuh-2021-12-10T19:43:52.436Z","197","THROWBACK",,,"2021-12-10 19:43:52.745494","2022-02-04 22:42:31.45442"
"1516","8wymhr-2022-01-17T23:04:54.131Z","2009","2022",,,"2022-01-17 23:04:54.748034","2022-01-17 23:04:54.748034"
"2270","t7sbat-2022-10-11T21:58:22.635Z","12470","IN","751","instagram","2022-10-11 21:58:22.885186","2022-10-11 21:59:19.941215"
"1518","nom4ch-2022-01-18T13:16:09.349Z","3438","Harmony905🌱",,,"2022-01-18 13:16:09.655374","2022-01-18 13:16:09.655374"
"1519","rldmvd-2022-01-16T18:37:58.222Z","14782","REP/AMBASSADOR",,,"2022-01-19 01:13:44.861209","2022-01-19 01:13:44.861209"
"1520","y8ga47-2022-01-19T12:50:09.828Z","14801","""Quote It""",,"facebook","2022-01-19 12:50:10.112399","2022-01-19 12:50:10.112399"
"1521","nhok1d-2022-01-19T15:52:24.496Z","12036","00-BECOMING",,,"2022-01-19 15:52:24.717841","2022-01-19 15:52:24.717841"
"2276","2ewcq-2022-10-11T22:03:10.043Z","12470","NV","751","instagram","2022-10-11 22:03:10.313416","2022-10-11 22:03:10.313416"
"1523","lu7ahg-2022-01-20T17:59:16.778Z","2009","TikTok",,"tiktok","2022-01-20 17:59:17.740381","2022-01-20 17:59:17.740381"
"1524","6r1olc-2022-01-20T21:57:56.397Z","3928","Zenn",,,"2022-01-20 21:57:56.756669","2022-01-20 21:57:56.756669"
"1525","wjl93-2022-01-20T21:58:03.044Z","3928","54",,,"2022-01-20 21:58:03.401314","2022-01-20 21:58:03.401314"
"1526","31ph46-2022-01-20T21:58:37.261Z","3928","Events",,,"2022-01-20 21:58:37.567897","2022-01-20 21:58:37.567897"
"1527","jh38d-2022-01-20T22:52:13.592Z","11147","Kevon",,,"2022-01-20 22:52:13.814543","2022-01-20 22:52:13.814543"
"1530","65qy8o-2022-01-22T19:14:24.696Z","10012","SPMU",,,"2022-01-22 19:14:25.005406","2022-01-22 19:14:25.005406"
"1529","sx0elq-2022-01-22T16:45:51.373Z","9674","Tracey",,,"2022-01-22 16:45:51.860195","2022-01-22 20:42:39.369171"
"1531","xkinhj-2022-01-23T09:48:22.965Z","14767","Week 23rd Jan",,"instagram","2022-01-23 09:48:23.259219","2022-01-23 09:48:23.259219"
"1515","24gfqr-2022-01-17T13:24:00.067Z","197","LOKOMOTIVE Gewinnspiel","1340",,"2022-01-17 13:24:00.426494","2022-02-04 13:49:14.87048"
"1528","fjum4-2022-01-22T13:04:28.552Z","13552","Group Team Event",,,"2022-01-22 13:04:28.82315","2022-02-05 08:37:09.047972"
"2269","ggkrjf-2022-10-11T21:57:39.292Z","12470","NY","751","instagram","2022-10-11 21:57:39.545624","2022-10-11 22:06:12.231924"
"2278","2p3zr-2022-10-11T22:07:32.882Z","12470","NC","751","instagram","2022-10-11 22:07:33.14544","2022-10-11 22:07:33.14544"
"2285","bycknc-2022-10-11T22:16:05.873Z","12470","IL","751","instagram","2022-10-11 22:16:06.138484","2022-10-11 22:16:06.138484"
"2307","1oesi-2022-10-17T16:57:55.594Z","17430","HeartBeat ",,,"2022-10-17 16:57:55.874623","2022-10-17 16:57:55.874623"
"2310","r28i78-2022-10-17T19:25:31.514Z","18300","Tuesday",,"instagram","2022-10-17 19:25:31.86775","2022-10-17 19:25:31.86775"
"2313","jy2v5ek-2022-10-17T19:25:46.822Z","18300","Friday",,"instagram","2022-10-17 19:25:47.151114","2022-10-17 19:25:47.151114"
"2314","uwb3-2022-10-17T19:25:51.154Z","18300","Saturday ",,"instagram","2022-10-17 19:25:51.69368","2022-10-17 19:25:51.69368"
"2390","b7ey-2022-11-03T15:51:49.853Z","12576","Little Miss ",,,"2022-11-03 15:51:50.305834","2022-11-03 15:51:50.305834"
"2405","bf61b-2022-11-12T08:06:43.669Z","14203","Double Lift","1386",,"2022-11-12 08:06:44.082833","2022-11-12 08:06:44.082833"
"2410","pavfs-2022-11-14T19:54:37.964Z","15571","Historias ",,"instagram","2022-11-14 19:54:38.890661","2022-11-14 19:54:38.890661"
"2424","rd9d5o-2022-11-16T23:09:04.440Z","18678","TEACH",,,"2022-11-16 23:09:04.990527","2022-11-16 23:09:04.990527"
"2425","be5kn-2022-11-16T23:09:09.820Z","18678","PREACH",,,"2022-11-16 23:09:10.072247","2022-11-16 23:09:10.072247"
"2427","nenn0g-2022-11-16T23:09:19.103Z","18678","SELL",,,"2022-11-16 23:09:19.351251","2022-11-16 23:09:19.351251"
"2559","9kkex8-2023-01-06T19:29:36.924Z","19284","FWT",,,"2023-01-06 19:29:37.20246","2023-01-06 19:29:37.20246"
"3740","s77ck-2025-08-03T18:05:19.643Z","947","Archives",,,"2025-08-03 18:05:19.976125","2025-08-03 18:05:19.976125"
"1536","trvt9-2022-01-25T21:51:14.423Z","6807","Tiny Tip Tuesday",,,"2022-01-25 21:51:14.982477","2022-01-25 21:51:25.810086"
"1537","pek3h-2022-01-25T21:52:22.102Z","6807","AIP Summit",,,"2022-01-25 21:52:22.358269","2022-01-25 21:52:22.358269"
"1538","3xh9rn-2022-01-25T23:43:18.707Z","6807","Tasty Thursday",,,"2022-01-25 23:43:19.099407","2022-01-25 23:43:19.099407"
"1540","z491c7-2022-01-26T17:47:31.428Z","12576","Allobee",,,"2022-01-26 17:47:32.095468","2022-01-26 17:47:32.095468"
"1542","a1x2a-2022-01-28T06:21:32.755Z","13804","Kaz",,,"2022-01-28 06:21:33.802291","2022-01-28 06:21:33.802291"
"1543","301r6i-2021-06-13T17:51:46.547Z","14958","July 4th",,,"2022-01-28 19:58:47.82168","2022-01-28 19:58:47.82168"
"1544","27xgu8-2021-05-30T22:31:40.019Z","14958","Weddings",,,"2022-01-28 19:58:47.831505","2022-01-28 19:58:47.831505"
"1545","5gltyo-2022-01-28T20:42:46.355Z","14831","Jersey Shore",,"instagram","2022-01-28 20:42:46.580741","2022-01-28 20:42:46.580741"
"1546","uqsdl-2022-01-29T23:06:02.474Z","6275","Novae Candle",,,"2022-01-29 23:06:02.67347","2022-01-29 23:06:02.67347"
"1547","daslpf-2022-01-29T23:06:40.139Z","6275","Sanniyah Sloan",,,"2022-01-29 23:06:40.348777","2022-01-29 23:06:40.348777"
"1548","lah8kf-2022-01-30T16:48:53.729Z","14767","31st Jan",,"instagram","2022-01-30 16:48:54.034214","2022-01-30 16:48:54.034214"
"1550","xksgnq-2022-02-01T07:18:09.468Z","13552","Valentines feb 2022",,,"2022-02-01 07:18:10.429822","2022-02-01 07:18:10.429822"
"1552","e6rs2x-2022-02-01T23:02:20.977Z","7480","Bio Agave",,,"2022-02-01 23:02:21.207307","2022-02-01 23:02:21.207307"
"1553","iyrwsg-2022-02-02T04:20:30.363Z","14733","Bio",,"instagram","2022-02-02 04:20:30.615524","2022-02-02 04:20:30.615524"
"1602","f9wlio-2022-02-09T17:35:35.208Z","14837","Shannie’s Kreationz",,"tiktok","2022-02-09 17:35:35.456728","2022-02-09 17:35:35.456728"
"2082","xofg6b-2022-08-11T17:40:18.463Z","7480","Savi",,,"2022-08-11 17:40:18.948752","2022-08-11 17:40:18.948752"
"1556","u0fb8d-2022-02-02T17:51:20.032Z","12576","LG Co. February ",,,"2022-02-02 17:51:20.360247","2022-02-02 17:51:20.360247"
"1557","g71mrk-2022-02-02T17:52:02.535Z","12576","Allobee- 2",,,"2022-02-02 17:52:02.880023","2022-02-02 17:52:02.880023"
"1559","9eoc63-2021-06-11T10:15:26.223Z","15019","Icond",,,"2022-02-02 20:42:17.675253","2022-02-02 20:42:17.675253"
"1560","zggkvk-2021-06-11T10:14:24.512Z","15019","Abondance",,,"2022-02-02 20:42:17.686544","2022-02-02 20:42:17.686544"
"1561","d5nh2i-2022-02-02T18:46:43.470Z","15022","Real Estate",,,"2022-02-02 22:31:56.663204","2022-02-02 22:31:56.663204"
"1562","4oqg6c-2022-02-02T18:46:19.855Z","15022","Boat",,,"2022-02-02 22:31:56.673978","2022-02-02 22:31:56.673978"
"2209","pihc5j-2022-09-08T17:29:12.540Z","12143","fdwhisperer",,,"2022-09-08 17:29:12.912753","2022-09-08 17:29:12.912753"
"2210","ql60s4-2022-09-08T17:29:26.197Z","12143","mavenoftherelaxedlife",,,"2022-09-08 17:29:26.535828","2022-09-08 17:29:26.535828"
"1564","53ni2-2022-02-03T20:05:47.550Z","14081","@tags",,,"2022-02-03 20:05:47.842006","2022-02-03 20:05:47.842006"
"1565","sspz95-2022-02-03T22:26:56.261Z","6807","Tasty Thursday - Used",,,"2022-02-03 22:26:56.867769","2022-02-03 22:26:56.867769"
"1566","gbxgs-2022-02-03T22:49:30.789Z","6807","Weekly Posts",,,"2022-02-03 22:49:31.483529","2022-02-03 22:49:31.483529"
"1567","yu4bn-2022-02-03T22:50:57.874Z","6807","HEALCoach Journal",,,"2022-02-03 22:50:58.49738","2022-02-03 22:50:58.49738"
"1568","ctaund-2022-02-03T22:51:24.854Z","6807","Village Group Welcome",,,"2022-02-03 22:51:25.231037","2022-02-03 22:51:25.231037"
"1569","y6mo0n-2022-02-03T22:53:00.282Z","6807","Autoimmune Gut Posts",,,"2022-02-03 22:53:00.800649","2022-02-03 22:53:00.800649"
"1570","xd0vl8-2022-02-04T13:50:03.646Z","197","MOTTO Gewinnspiel","1340",,"2022-02-04 13:50:04.17972","2022-02-04 13:50:04.17972"
"1571","jc31r-2022-02-04T13:50:23.571Z","197","LOKOMOTIVE","1340",,"2022-02-04 13:50:23.985506","2022-02-04 13:50:23.985506"
"1572","4ejdk-2022-02-04T13:50:32.508Z","197","MOTTO","1340",,"2022-02-04 13:50:32.904117","2022-02-04 13:50:32.904117"
"1573","6pps2t-2022-02-04T14:49:21.150Z","197","MITGLIED Gewinnspiel","1340",,"2022-02-04 14:49:21.89083","2022-02-04 14:49:21.89083"
"1574","ty7x3r-2022-02-04T14:49:41.651Z","197","MITGLIED","1340",,"2022-02-04 14:49:42.066415","2022-02-04 14:49:42.066415"
"1575","sqe3wv-2022-02-04T14:49:50.839Z","197","ZEN","1340",,"2022-02-04 14:49:51.176802","2022-02-04 14:49:51.176802"
"1576","g0nzff-2022-02-04T14:50:01.966Z","197","ZEN Gewinnspiel","1340",,"2022-02-04 14:50:02.392422","2022-02-04 14:50:02.392422"
"1577","8lgsef-2022-02-04T14:50:47.625Z","197","SIRENE Gewinnspiel","1340",,"2022-02-04 14:50:48.149207","2022-02-04 14:50:48.149207"
"1578","2xwjp5-2022-02-04T14:50:56.444Z","197","SIRENE","1340",,"2022-02-04 14:50:56.845538","2022-02-04 14:50:56.845538"
"1579","hpd9hi6-2022-02-04T16:14:45.613Z","15041","Posts To Buisness",,"instagram","2022-02-04 16:24:41.751453","2022-02-04 16:24:41.751453"
"1582","0p0qj-2022-02-04T22:35:37.824Z","197","WECKER Gewinnspiel","1340",,"2022-02-04 22:35:38.196261","2022-02-04 22:35:38.196261"
"1583","t0cjpj-2022-02-04T22:35:51.234Z","197","Wecker","1340",,"2022-02-04 22:35:51.71903","2022-02-04 22:35:51.71903"
"1549","gd2bgu-2022-01-31T20:02:51.278Z","14203","4. Noir",,,"2022-01-31 20:02:52.006146","2023-05-03 10:56:35.357819"
"1584","pyq19a-2022-02-04T22:39:14.991Z","197","STILL UND LEISE","1514",,"2022-02-04 22:39:15.350302","2022-02-04 22:39:15.350302"
"1586","9nikh-2022-02-04T22:42:51.915Z","197","ONCE UPON","1351",,"2022-02-04 22:42:52.27271","2022-02-04 22:43:02.065649"
"1587","ghbae-2022-02-04T22:43:53.569Z","197","ROMA","1351",,"2022-02-04 22:43:53.955764","2022-02-04 22:43:53.955764"
"1588","6i42-2022-02-04T22:48:02.448Z","197","HAUS DES GELDES","1344",,"2022-02-04 22:48:02.871781","2022-02-04 22:48:02.871781"
"1589","wrovt-2022-02-04T22:51:06.662Z","197","MURDOCH MYSTERIES","1344",,"2022-02-04 22:51:07.377907","2022-02-04 22:51:07.377907"
"1590","y3mcv8co-2022-02-04T22:51:31.766Z","197","GOMORRA","1344",,"2022-02-04 22:51:32.255843","2022-02-04 22:51:32.255843"
"1591","a86tdk-2022-02-04T22:53:32.527Z","197","THROWBACK","1105",,"2022-02-04 22:53:33.079074","2022-02-04 22:53:33.079074"
"1592","dhyx1-2022-02-04T22:57:18.363Z","197","VAMOS TODOS TEASER","1340",,"2022-02-04 22:57:19.046613","2022-02-04 22:57:19.046613"
"1594","r8dek7-2022-02-04T23:02:53.269Z","197","LAYOUT","1514",,"2022-02-04 23:02:53.763692","2022-02-04 23:02:53.763692"
"1595","rh1wu6-2022-02-04T23:06:00.490Z","197","DAS RAD DER ZEIT","1344",,"2022-02-04 23:06:01.015407","2022-02-04 23:06:01.015407"
"1596","bf05up-2022-02-05T01:53:41.333Z","10316","Upward",,,"2022-02-05 01:53:41.56638","2022-02-05 01:53:41.56638"
"1597","dnfh9q-2022-02-05T05:33:40.298Z","9306","Anchor",,"instagram","2022-02-05 05:33:40.740475","2022-02-05 05:33:40.740475"
"1598","3314m-2022-02-06T17:25:03.595Z","14767","Wc 6/2",,"instagram","2022-02-06 17:25:05.903198","2022-02-06 17:25:05.903198"
"1599","lh45p-2022-02-07T09:15:31.216Z","820","Weekly Facebook Hub",,,"2022-02-07 09:15:31.554225","2022-02-07 09:15:31.554225"
"1603","ick5ps-2022-02-09T17:35:50.781Z","14837","Shannie’s Kreationz",,"facebook","2022-02-09 17:35:51.005046","2022-02-09 17:35:51.005046"
"1604","23ntso-2022-02-12T00:29:30.141Z","14347","LMT",,,"2022-02-12 00:29:30.511691","2022-02-12 00:29:30.511691"
"1605","h7p667-2022-02-12T15:58:10.021Z","13552","Broadcast Messages",,,"2022-02-12 15:58:10.519866","2022-02-12 15:58:10.519866"
"1606","n15b9f-2022-02-12T18:12:36.380Z","12036","TRANSCEND TRANSCENDENCE",,,"2022-02-12 18:12:36.893756","2022-02-12 18:12:36.893756"
"1607","gp3uu-2022-02-13T09:49:41.601Z","14767","Divine Business",,,"2022-02-13 09:49:42.16234","2022-02-13 09:49:42.16234"
"1608","v4uc1l-2022-02-14T05:51:04.863Z","14767","14/2",,,"2022-02-14 05:51:05.49624","2022-02-14 05:51:05.49624"
"1600","hs1lty-2022-02-08T08:59:44.557Z","14801","Facebook",,"facebook","2022-02-08 08:59:44.790494","2022-03-04 10:54:22.985957"
"2283","0r91h-2022-10-11T22:13:09.411Z","12470","DE","751","instagram","2022-10-11 22:13:09.686163","2022-10-11 22:13:09.686163"
"2284","1c6obb-2022-10-11T22:14:53.429Z","12470","England 🇬🇧","751","instagram","2022-10-11 22:14:53.682391","2022-10-12 21:59:25.388788"
"2308","vl6zze-2022-10-17T19:25:09.652Z","18300","Sunday",,"instagram","2022-10-17 19:25:10.051449","2022-10-17 19:25:10.051449"
"1609","5n9x4i-2022-02-16T16:04:34.805Z","197","ENCANTO","1344",,"2022-02-16 16:04:35.100076","2022-02-16 16:04:35.100076"
"1610","eui3p-2022-02-16T19:42:51.081Z","11147","Adam Z",,,"2022-02-16 19:42:51.465255","2022-02-16 19:42:51.465255"
"1612","kfjb9j-2022-02-18T14:08:22.501Z","11147","Mawena",,,"2022-02-18 14:08:22.770957","2022-02-18 14:08:22.770957"
"1613","eejndd-2022-02-18T16:32:50.002Z","4506","JLJ Training Academy",,,"2022-02-18 16:32:50.327417","2022-02-18 16:32:50.327417"
"1614","mfpu9a-2021-12-07T20:10:02.506Z","15264","TheRusticBabe",,"tiktok","2022-02-20 15:47:11.236931","2022-02-20 15:47:11.236931"
"1615","u2urg-2022-02-20T23:32:46.621Z","13552","Team Broadcast ",,,"2022-02-20 23:32:47.179407","2022-02-20 23:32:47.179407"
"3741","w9p27e-2023-09-15T21:42:29.986Z","30613","Blog",,,"2025-08-04 15:44:48.106567","2025-08-04 15:44:48.106567"
"1617","pvwp8f-2022-02-21T19:12:30.465Z","14973","Bookstagram",,"instagram","2022-02-21 19:12:30.805419","2022-02-21 19:12:30.805419"
"1618","s89bus-2022-02-21T19:26:48.006Z","14733","Tigger",,"instagram","2022-02-21 19:26:48.354816","2022-02-21 19:26:48.354816"
"1619","qnxbfs-2022-02-22T01:26:08.353Z","14461","Gavin Fics",,,"2022-02-22 01:26:08.693992","2022-02-22 01:26:08.693992"
"3742","2iio4-2023-08-11T08:47:26.786Z","30613","Darktown",,,"2025-08-04 15:44:48.1178","2025-08-04 15:44:48.1178"
"1621","obdcv9-2022-02-24T09:54:25.631Z","13552","Class Comms",,,"2022-02-24 09:54:25.902731","2022-02-24 09:54:25.902731"
"1622","o53z5q-2021-04-15T02:47:30.034Z","15327","Personal Insta",,"instagram","2022-02-25 00:52:57.941457","2022-02-25 00:52:57.941457"
"1623","ea0f8t-2022-02-25T12:31:50.631Z","13555","Modere",,,"2022-02-25 12:31:50.848575","2022-02-25 12:31:50.848575"
"1624","8yhshu-2022-02-28T05:05:45.593Z","14767","Week 28/2",,,"2022-02-28 05:05:46.215373","2022-02-28 05:05:46.215373"
"1718","wdjpv-2022-03-27T08:13:17.511Z","12036","QUANTUM QUEEN (BGE)",,,"2022-03-27 08:13:17.732528","2022-11-04 13:27:13.890894"
"1639","acemc-2022-03-08T03:47:00.232Z","14785","#FrolleinSlove",,,"2022-03-08 03:47:00.658644","2023-02-23 16:38:16.489577"
"3743","9te0uv-2023-01-03T14:43:20.255Z","30613","Buchstabe L",,,"2025-08-04 15:44:48.125912","2025-08-04 15:44:48.125912"
"1628","9vrvt-2022-03-01T12:11:17.058Z","6631","Colorado","1251","instagram","2022-03-01 12:11:17.331098","2022-03-01 12:11:17.331098"
"1630","rr18ds-2022-03-01T13:24:58.445Z","6631","Hashtag - Colorado","1628","instagram","2022-03-01 13:24:58.667301","2022-03-01 13:24:58.667301"
"1631","1ufetp-2022-03-01T13:25:12.666Z","6631","Nicht Gepostet - Colorado","1628","instagram","2022-03-01 13:25:12.952364","2022-03-01 13:25:12.952364"
"1629","u5p40k-2022-03-01T13:24:41.027Z","6631","Gepostet - Colorado","1628","instagram","2022-03-01 13:24:41.259598","2022-03-01 13:31:26.330094"
"1632","nn1xk-2022-03-03T18:38:14.317Z","14785","EU Textiles",,,"2022-03-03 18:38:14.618024","2022-03-03 18:38:14.618024"
"1633","wpf85m-2022-03-03T23:21:22.736Z","7157","Archive","682","instagram","2022-03-03 23:21:22.998401","2022-03-03 23:21:22.998401"
"1601","h653yy-2022-02-08T09:00:15.265Z","14801","Hear Me Records",,"instagram","2022-02-08 09:00:15.481672","2022-03-04 10:54:00.159618"
"1635","yz5bv-2022-03-05T23:08:07.344Z","501","#ImaHustlah",,,"2022-03-05 23:08:07.58517","2022-03-05 23:08:07.58517"
"1637","nhrwq-2022-03-07T04:54:03.560Z","14767","Week 7/3",,,"2022-03-07 04:54:04.65295","2022-03-07 04:54:04.65295"
"1640","eyayz-2022-03-08T22:01:07.284Z","11454","CraftJ",,,"2022-03-08 22:01:07.842663","2022-03-08 22:01:07.842663"
"1641","nh50r-2022-03-08T22:01:25.913Z","11454","StreetC",,,"2022-03-08 22:01:26.185692","2022-03-08 22:01:26.185692"
"1642","nx85l-2022-03-09T08:23:19.685Z","4886","Amourdeparfums",,,"2022-03-09 08:23:20.573684","2022-03-09 08:23:20.573684"
"1643","o7swti-2022-03-09T08:23:35.871Z","4886","Localbooster",,,"2022-03-09 08:23:36.770013","2022-03-09 08:23:36.770013"
"1644","x2ptc-2022-03-09T08:23:44.663Z","4886","Chrysbrows",,,"2022-03-09 08:23:45.463158","2022-03-09 08:23:45.463158"
"1645","cbsim-2022-03-09T16:34:02.370Z","9179","Jet Set Lisette",,,"2022-03-09 16:34:02.799917","2022-03-09 16:34:02.799917"
"1646","81ku2o-2022-03-09T16:36:05.535Z","9179","Golden Girl",,,"2022-03-09 16:36:05.8096","2022-03-09 16:36:05.8096"
"1647","qxh9v9-2022-03-10T20:38:41.947Z","14785"," Special Events",,,"2022-03-10 20:38:42.244071","2022-03-10 20:38:42.244071"
"1648","dqqjpv-2022-03-10T20:48:57.569Z","15491","Sobe",,"instagram","2022-03-11 20:22:21.437953","2022-03-11 20:22:21.437953"
"1649","ug9pak-2022-03-12T01:34:35.533Z","14785","Coffee Klatsch",,,"2022-03-12 01:34:35.772089","2022-03-12 01:34:35.772089"
"1650","qddst-2022-03-12T02:16:25.410Z","7727","Voice Over",,,"2022-03-12 02:16:25.628101","2022-03-12 02:16:25.628101"
"1651","hjbyjs-2022-03-12T05:02:51.841Z","15494","Music tweets",,"twitter","2022-03-12 05:02:52.135167","2022-03-12 05:14:55.542457"
"1652","ns961b-2022-03-12T05:15:38.023Z","15494","Love Tweets",,"twitter","2022-03-12 05:15:38.270331","2022-03-12 05:16:07.163315"
"1653","qs74wl-2022-03-12T05:29:06.040Z","15494","Art Tweets",,"twitter","2022-03-12 05:29:06.305386","2022-03-12 05:29:06.305386"
"1654","0xdifu-2022-03-12T05:40:54.286Z","15494","Boredom Tweets",,"twitter","2022-03-12 05:40:54.635584","2022-03-12 05:40:54.635584"
"1655","n0wpus-2022-03-12T15:43:53.817Z","7076","Shabu Squared",,"instagram","2022-03-12 15:43:54.090298","2022-03-12 15:43:54.090298"
"1656","jjmmth-2022-03-14T00:24:30.214Z","12576","Cooking Up Memories",,,"2022-03-14 00:24:30.565918","2022-03-14 00:24:30.565918"
"1666","vjswac-2022-03-20T18:51:27.413Z","14958","Experiences",,"instagram","2022-03-20 18:51:27.876471","2022-03-20 18:51:27.876471"
"1659","llk999-2022-03-16T03:49:39.971Z","15543","Teeth Wisdom",,,"2022-03-16 03:49:40.295865","2022-03-16 03:49:40.295865"
"1660","lprx5b-2022-03-16T04:03:18.501Z","15543","Life Lessons ",,,"2022-03-16 04:03:18.842982","2022-03-16 04:03:18.842982"
"1661","ool3mg-2022-03-16T04:14:43.551Z","15543","Summer/Travel ",,,"2022-03-16 04:14:43.925128","2022-03-16 04:14:43.925128"
"1662","fpgsf-2022-03-16T14:29:24.541Z","15551","Ig Text",,"instagram","2022-03-16 16:43:30.82663","2022-03-16 16:43:30.82663"
"1663","fx93tl-2021-11-16T23:37:25.478Z","15558","New",,,"2022-03-17 18:31:40.829981","2022-03-17 18:31:40.829981"
"1701","a2fwh-2022-03-21T18:56:46.366Z","143","Already posted",,,"2022-03-21 18:56:46.587331","2022-03-21 18:56:46.587331"
"1665","g21ugf-2022-03-18T04:32:42.905Z","15567","LumiSpa Campaign",,"tiktok","2022-03-18 04:32:43.18975","2022-03-18 04:32:43.18975"
"1702","rc7fjb-2022-03-21T18:58:39.953Z","143","Reviews","1701",,"2022-03-21 18:58:40.19611","2022-03-21 18:58:40.19611"
"1703","sonit-2022-03-21T19:00:24.424Z","143","Giveaways","1701",,"2022-03-21 19:00:24.655423","2022-03-21 19:00:24.655423"
"1704","ceiur9-2022-03-21T19:00:33.440Z","143","Other","1701",,"2022-03-21 19:00:33.644977","2022-03-21 19:00:33.644977"
"1716","38h3wh-2022-03-26T02:29:50.791Z","15667","G",,,"2022-03-26 02:29:51.51995","2022-03-26 02:29:51.51995"
"1708","dd53de-2022-03-22T23:40:08.558Z","10316","Run For God",,,"2022-03-22 23:40:08.93855","2022-03-22 23:40:08.93855"
"1709","uudj56-2022-03-24T17:39:13.788Z","8899","Nd4spd",,"instagram","2022-03-24 17:39:14.060204","2022-03-24 17:39:14.060204"
"1711","scngqe-2022-03-24T21:39:08.812Z","15579","tarot",,"instagram","2022-03-24 21:39:09.088281","2022-03-24 21:39:09.088281"
"1712","q7q3g9k-2022-03-24T21:39:37.318Z","15579","astro",,"instagram","2022-03-24 21:39:37.588975","2022-03-24 21:39:37.588975"
"1713","wz17k-2022-03-24T21:40:14.638Z","15579","affirmations",,"instagram","2022-03-24 21:40:14.919847","2022-03-24 21:40:14.919847"
"1714","ikdheg-2022-03-24T21:40:46.425Z","15579","memes",,"instagram","2022-03-24 21:40:46.692486","2022-03-24 21:40:46.692486"
"1715","frp23-2022-03-24T21:41:06.783Z","15579","announcements",,"instagram","2022-03-24 21:41:07.070441","2022-03-24 21:41:07.070441"
"1717","1g9n2s-2022-03-26T10:31:00.900Z","15658","Bio",,"instagram","2022-03-26 10:31:01.64696","2022-03-26 10:31:01.64696"
"1719","xs41l-2022-03-27T13:31:04.393Z","9897","Sensoreadplayday",,,"2022-03-27 13:31:04.805582","2022-03-27 13:31:04.805582"
"1720","ufko45-2022-03-27T13:31:39.849Z","9897","Button&Bug",,,"2022-03-27 13:31:40.136086","2022-03-27 13:31:40.136086"
"1722","r5eq9c-2022-03-28T15:40:03.232Z","15658","FADII",,"instagram","2022-03-28 15:40:05.058832","2022-03-28 15:40:05.058832"
"1723","geja3-2022-03-28T20:00:55.578Z","15579","Tags",,"tiktok","2022-03-28 20:00:55.854312","2022-03-28 20:00:55.854312"
"1732","y5zumh-2022-04-06T15:28:25.223Z","13341","Insta",,"instagram","2022-04-06 15:28:25.451696","2022-04-06 15:28:25.451696"
"1733","qzacd-2022-04-06T15:29:15.891Z","13341","TT",,"tiktok","2022-04-06 15:29:16.127152","2022-04-06 15:29:16.127152"
"1734","k4h5p-2022-04-07T13:49:00.850Z","13756","Fitness Group Hack",,"facebook","2022-04-07 13:49:01.156089","2022-04-07 13:49:01.156089"
"1735","k6fw2b-2022-02-19T23:37:51.434Z","15789","TESTING",,,"2022-04-08 01:59:12.348292","2022-04-08 01:59:12.348292"
"1736","yf6bh7b-2022-02-19T23:35:55.462Z","15789","NEW CONTENT",,,"2022-04-08 01:59:12.373433","2022-04-08 01:59:12.373433"
"1737","joonhj-2021-12-07T03:45:59.068Z","15789","SERVICES",,,"2022-04-08 01:59:12.396592","2022-04-08 01:59:12.396592"
"1738","tqb04w-2021-12-07T03:45:05.849Z","15789","MEMBERS GROUP",,,"2022-04-08 01:59:12.407111","2022-04-08 01:59:12.407111"
"1739","423a9m-2021-11-02T03:12:22.824Z","15789","PROGRAM",,,"2022-04-08 01:59:12.422547","2022-04-08 01:59:12.422547"
"1740","82y49s-2021-11-02T03:11:20.784Z","15789","MOBILITY/RECOVERY",,,"2022-04-08 01:59:12.432921","2022-04-08 01:59:12.432921"
"1741","q3hd3d-2021-11-02T03:05:51.170Z","15789","DELOAD",,,"2022-04-08 01:59:12.446134","2022-04-08 01:59:12.446134"
"1742","6kqylt-2021-11-02T03:05:12.320Z","15789","PROMOS",,,"2022-04-08 01:59:12.458287","2022-04-08 01:59:12.458287"
"1743","a6wdgs-2021-11-02T02:59:48.120Z","15789","NUTRITION",,,"2022-04-08 01:59:12.485725","2022-04-08 01:59:12.485725"
"1744","lxtelb-2021-09-07T09:10:56.280Z","15789","MOTIVATION",,,"2022-04-08 01:59:12.500609","2022-04-08 01:59:12.500609"
"1745","39h3io-2021-09-07T03:39:53.109Z","15789","EVENTS",,,"2022-04-08 01:59:12.511806","2022-04-08 01:59:12.511806"
"1746","n6ds0o-2021-09-07T03:32:57.604Z","15789","EXERCISE EXPECTATIONS",,,"2022-04-08 01:59:12.523336","2022-04-08 01:59:12.523336"
"1747","0c5gy-2021-09-07T03:32:46.377Z","15789","BUILDING PHASE",,,"2022-04-08 01:59:12.546818","2022-04-08 01:59:12.546818"
"1748","c6prqy6-2021-09-07T03:32:33.589Z","15789","STRONG PHASE",,,"2022-04-08 01:59:12.559408","2022-04-08 01:59:12.559408"
"1749","0g55sr-2021-09-07T03:32:26.465Z","15789","VOLUME PHASE",,,"2022-04-08 01:59:12.576116","2022-04-08 01:59:12.576116"
"1750","qnix0f-2021-03-14T01:49:55.118Z","15789","TRAINING EDUCATION",,,"2022-04-08 01:59:12.596428","2022-04-08 01:59:12.596428"
"1751","3r0dn-2021-03-14T01:49:33.971Z","15789","TECHNIQUE CUES",,,"2022-04-08 01:59:12.61791","2022-04-08 01:59:12.61791"
"1752","gpuza6-2022-04-09T08:15:15.337Z","13552","Abbys easter Extravaganza",,,"2022-04-09 08:15:15.579239","2022-04-09 08:15:15.579239"
"2083","w28764-2022-08-11T21:04:23.900Z","16582","Thirty2",,,"2022-08-11 21:04:24.216022","2022-08-11 21:04:24.216022"
"2122","j9226p-2022-08-13T15:56:17.091Z","13100","Wine",,,"2022-08-13 15:56:17.345179","2022-08-13 15:56:17.345179"
"1758","z1alk-2022-04-11T00:59:48.247Z","15823","Ptree07",,"instagram","2022-04-11 15:18:23.128779","2022-04-11 15:18:23.128779"
"2211","ttq1ai-2022-09-09T02:42:05.031Z","13550","Aaa",,,"2022-09-09 02:42:05.264054","2022-09-09 02:42:05.264054"
"1760","vqasa-2022-04-11T18:10:24.849Z","7802","CariSafe",,,"2022-04-11 18:10:25.075608","2022-04-11 18:10:25.075608"
"2241","g3sxj-2022-09-26T15:37:38.472Z","4506","TikTok",,"tiktok","2022-09-26 15:37:38.924846","2022-09-26 15:37:38.924846"
"1762","7hqu38-2022-04-11T18:12:23.765Z","7802","AblazinRadio",,,"2022-04-11 18:12:24.012928","2022-04-11 18:12:24.012928"
"2257","mp4eb-2022-10-02T19:13:57.122Z","14461","Gavin Posts",,"instagram","2022-10-02 19:13:57.547823","2022-10-02 19:13:57.547823"
"1764","lz4us9-2022-04-11T21:40:35.948Z","7802","Christmas",,,"2022-04-11 21:40:36.205021","2022-04-11 21:40:36.205021"
"1765","0cgkat-2022-04-11T21:46:30.294Z","7802","Quotes",,,"2022-04-11 21:46:30.571855","2022-04-11 21:46:30.571855"
"1766","lb6r9g-2022-04-11T22:24:23.820Z","7802","ARTIST INTERVIEWS",,,"2022-04-11 22:24:24.088256","2022-04-11 22:24:24.088256"
"1767","ly8by-2022-04-11T22:49:50.625Z","14081","Cbd",,,"2022-04-11 22:49:50.879316","2022-04-11 22:49:50.879316"
"2272","lhsp2n-2022-10-11T22:00:05.985Z","12470","CO","751","instagram","2022-10-11 22:00:06.238281","2022-10-11 22:00:52.494612"
"2274","wtal7-2022-10-11T22:01:12.235Z","12470","AZ","751","instagram","2022-10-11 22:01:12.487633","2022-10-11 22:01:12.487633"
"2292","i1cp0r-2022-10-11T22:25:42.104Z","12470","OR","751","instagram","2022-10-11 22:25:42.389614","2022-10-11 22:25:42.389614"
"2293","kl772-2022-10-11T22:28:29.130Z","12470","PA","751","instagram","2022-10-11 22:28:29.43957","2022-10-11 22:28:29.43957"
"2309","tdz4t-2022-10-17T19:25:26.162Z","18300","Monday",,"instagram","2022-10-17 19:25:26.504297","2022-10-17 19:25:26.504297"
"1778","ra9vll-2022-04-12T13:03:46.759Z","13756","Facebook Reels",,"facebook","2022-04-12 13:03:47.243028","2022-04-12 13:03:47.243028"
"1780","2td4bu-2022-04-12T21:02:15.464Z","15834","Beauty",,,"2022-04-12 21:10:10.953911","2022-04-12 21:10:10.953911"
"1781","r6w1xm-2022-04-12T21:28:50.973Z","15834","❤️❤️❤️",,,"2022-04-12 21:28:51.93461","2022-04-12 21:29:35.503704"
"1782","b728x5-2022-04-13T02:21:24.193Z","13482","Candle Scent Desc",,"instagram","2022-04-13 02:21:24.458036","2022-04-13 02:21:24.458036"
"1803","l2bgt7-2022-04-20T06:32:29.136Z","15892","IMVU",,,"2022-04-20 06:32:29.640292","2022-04-20 06:32:29.640292"
"1796","o4k9za-2022-04-13T21:49:20.109Z","7802","TTADC",,,"2022-04-13 21:49:20.339362","2022-04-13 21:49:20.339362"
"1797","x6mod-2022-04-15T10:03:27.834Z","7480","Ash",,,"2022-04-15 10:03:28.11089","2022-04-15 10:03:28.11089"
"1798","u7sb8-2022-04-17T20:34:37.852Z","13756","Insta Corectional Reels",,"instagram","2022-04-17 20:34:38.153997","2022-04-17 20:34:38.153997"
"1799","l5jiq7-2022-04-18T03:35:04.593Z","15874","Dogs",,"tiktok","2022-04-18 03:35:04.851825","2022-04-18 03:35:04.851825"
"1800","5kbsaj-2022-04-18T16:05:39.978Z","7833","BrowBro Russian Posts",,,"2022-04-18 16:05:40.216209","2022-04-18 16:05:40.216209"
"1801","mbuj8m-2022-04-19T19:40:16.632Z","5298","Tiktok Vocie Over",,"tiktok","2022-04-19 19:40:16.896783","2022-04-19 19:40:16.896783"
"1805","cu3t5q-2022-04-20T16:54:28.933Z","14998","Travel ",,,"2022-04-20 16:54:29.194757","2022-04-20 16:54:29.194757"
"1806","6ua22m-2022-04-21T09:58:41.785Z","12036","Mo Money May",,,"2022-04-21 09:58:42.567075","2022-04-21 09:58:42.567075"
"1808","vfi1m8-2022-04-22T22:31:00.490Z","12791","LASER",,,"2022-04-22 22:31:00.738166","2022-04-22 22:31:00.738166"
"1809","sv8bz3-2022-04-24T02:33:53.995Z","10290","Maple & Daisy",,,"2022-04-24 02:33:54.238798","2022-04-24 02:33:54.238798"
"1810","zbhtjt-2022-04-24T13:50:23.807Z","13756","FB Page Video",,"facebook","2022-04-24 13:50:24.170598","2022-04-24 13:50:24.170598"
"1813","a7w1fn-2022-04-25T18:59:23.418Z","13756","FB Post",,"facebook","2022-04-25 18:59:24.083515","2022-04-25 18:59:24.083515"
"1814","m2ojda-2022-04-26T10:29:08.384Z","13482","Holidays",,"instagram","2022-04-26 10:29:08.59943","2022-04-26 10:29:08.59943"
"1815","pu542a-2022-04-27T15:18:49.556Z","13471","Black Tie",,"instagram","2022-04-27 15:18:49.823303","2022-04-27 15:18:49.823303"
"1816","5dkyyr-2022-04-27T17:57:57.278Z","13471","IADS",,"instagram","2022-04-27 17:57:57.567096","2022-04-27 17:57:57.567096"
"1817","rlcguf-2022-04-27T18:32:36.655Z","10419","Professional Speaker - dhruvamd",,,"2022-04-27 18:32:37.171123","2022-04-27 18:32:37.171123"
"1819","1x021a-2022-04-29T22:55:10.241Z","15846","Plasma",,,"2022-04-29 22:55:10.498956","2022-04-29 22:55:10.498956"
"1820","0enphicj-2022-04-30T00:21:15.105Z","15846","Beauty",,"youtube","2022-04-30 00:21:15.342705","2022-04-30 00:21:29.270941"
"1821","awjvsr-2022-05-02T14:12:19.157Z","10316","30 Days",,,"2022-05-02 14:12:19.72067","2022-05-02 14:12:19.72067"
"1822","bu74er-2022-05-04T22:49:11.018Z","12470","CISB",,,"2022-05-04 22:49:11.25413","2022-05-04 22:49:11.25413"
"1824","8cstkv-2022-05-06T00:05:40.544Z","5275","Reels 2/5",,"instagram","2022-05-06 00:05:40.834927","2022-05-06 00:05:40.834927"
"1823","l082sq-2022-05-06T00:05:04.147Z","5275","TT 2/5",,"tiktok","2022-05-06 00:05:04.818218","2022-05-06 00:05:56.288703"
"1825","16ejb-2022-05-06T18:01:21.332Z","1960","HtH Hashtags",,,"2022-05-06 18:01:21.725031","2022-05-06 18:01:21.725031"
"1826","ig1h7yj-2022-05-08T19:44:13.691Z","15658","Bussola",,,"2022-05-08 19:44:14.09324","2022-05-08 19:44:14.09324"
"1859","oylv3-2022-05-10T09:12:56.524Z","16147","Tiktok",,"tiktok","2022-05-10 09:12:57.153765","2022-05-10 09:12:57.153765"
"1860","mo2jwn-2022-05-10T16:22:35.115Z","12576","Debra Rhea",,,"2022-05-10 16:22:35.30898","2022-05-10 16:22:35.30898"
"1861","w0jac-2022-05-11T14:43:11.094Z","10419","Hashtags","356",,"2022-05-11 14:43:11.581665","2022-05-11 14:43:11.581665"
"1862","qn9kz-2022-05-12T07:01:39.345Z","197","ZEN 2.0","1340",,"2022-05-12 07:01:39.877676","2022-05-12 07:01:39.877676"
"1864","vn4vrp-2022-05-16T22:53:05.168Z","14670","Squad",,,"2022-05-16 22:53:05.695468","2022-05-16 22:53:05.695468"
"1865","pdxaxs-2022-05-17T21:03:52.025Z","16233","Test Folder",,"instagram","2022-05-17 21:03:52.350038","2022-05-17 21:03:52.350038"
"1866","n8t9jf-2022-05-18T06:17:46.263Z","16236","Lingiari Media FB",,"facebook","2022-05-18 06:17:48.020124","2022-05-18 06:17:48.020124"
"1868","rbjlch-2022-05-18T19:16:44.110Z","10904","GLYNT",,,"2022-05-18 19:16:44.468447","2022-05-18 19:16:44.468447"
"1869","4h6vqc-2022-05-20T12:22:17.358Z","14468","Reels",,"instagram","2022-05-20 12:22:17.899631","2022-05-20 12:22:17.899631"
"1870","9rbga-2022-05-20T17:00:43.693Z","15848","New",,,"2022-05-20 17:00:44.006877","2022-05-20 17:00:44.006877"
"1871","ah18vr-2022-05-20T17:31:43.894Z","12576","Nichole- Memory my way",,,"2022-05-20 17:31:44.111303","2022-05-20 17:31:44.111303"
"1873","yxabuj-2022-05-22T19:46:16.954Z","16254","Reels",,"instagram","2022-05-22 19:46:17.213147","2022-05-22 19:46:17.213147"
"1875","jdrvv8g-2022-05-22T19:47:44.155Z","16254","Bio",,"instagram","2022-05-22 19:47:44.398988","2022-05-22 19:47:44.398988"
"1878","vqxgri-2022-05-22T19:53:52.899Z","16254","Giveaway",,"instagram","2022-05-22 19:53:53.451923","2022-05-22 19:53:53.451923"
"1874","6ghgo-2022-05-22T19:47:06.374Z","16254","New Item",,"instagram","2022-05-22 19:47:06.654145","2022-05-22 19:55:23.245726"
"1879","d5ben4-2022-05-22T20:08:44.906Z","16254","Custom Order",,"instagram","2022-05-22 20:08:45.174935","2022-05-22 20:08:45.174935"
"1880","xcscwg-2022-01-31T03:20:33.462Z","16296","New",,,"2022-05-23 04:10:58.367416","2022-05-23 04:10:58.367416"
"1881","f5qsdo-2022-02-09T05:35:13.705Z","16296","Uploaded",,"instagram","2022-05-23 04:10:58.373584","2022-05-23 04:10:58.373584"
"1882","jrb1of-2022-01-31T03:19:39.061Z","16296","Used",,,"2022-05-23 04:10:58.37909","2022-05-23 04:10:58.37909"
"1883","fsmcb-2022-05-24T20:08:58.805Z","11399","Jiu Jitsu",,,"2022-05-24 20:08:59.072099","2022-05-24 20:08:59.072099"
"1884","953iqz-2022-05-25T16:41:35.419Z","16260","TEDx Torrelodones",,"instagram","2022-05-25 16:41:36.13579","2022-05-25 16:41:36.13579"
"1863","bj2asg-2022-05-13T20:45:57.811Z","12271","Chehre Posted",,,"2022-05-13 20:45:58.768957","2022-08-07 08:29:05.339898"
"2212","kk0itk-2022-09-10T18:57:40.934Z","14727","Gaia ",,"instagram","2022-09-10 18:57:41.101564","2022-09-10 18:57:41.101564"
"2123","jv458j-2022-08-13T18:03:24.074Z","13550","Week Of Aug 14 2022",,,"2022-08-13 18:03:24.291762","2022-08-13 18:03:24.291762"
"1921","zq63za-2022-06-05T06:16:27.855Z","16454","LEC-Arlene Henderson Insta",,,"2022-06-05 17:41:56.934947","2022-06-05 17:41:56.934947"
"1890","h2qr7-2022-05-27T20:09:39.187Z","5996","K",,,"2022-05-27 20:09:39.485624","2022-05-27 20:09:39.485624"
"1891","67bs15-2022-05-28T08:16:38.374Z","12271","Meri Dhadkan",,,"2022-05-28 08:16:38.869485","2022-05-28 08:16:38.869485"
"1892","al6rt-2022-05-28T18:21:36.235Z","16362","Empowered Women",,"instagram","2022-05-28 18:21:36.532213","2022-05-28 18:21:36.532213"
"1893","twagep-2022-05-29T00:58:31.618Z","16198","Current Drop",,,"2022-05-29 00:58:31.873446","2022-05-29 00:58:31.873446"
"1895","0vmeb3-2022-05-29T11:06:08.905Z","30","Köln",,"instagram","2022-05-29 11:06:09.173447","2022-05-29 11:06:09.173447"
"1896","54hgvp-2022-05-30T17:24:01.375Z","7480","Gu’s Kitchen",,,"2022-05-30 17:24:01.599833","2022-05-30 17:39:55.821693"
"1897","la93e8-2022-05-30T17:40:12.734Z","7480","Gu’s Dumplings",,,"2022-05-30 17:40:12.940984","2022-05-30 17:40:12.940984"
"1898","hytln-2022-05-31T05:41:03.883Z","6631","WSA Marketing","1244","instagram","2022-05-31 05:41:04.268057","2022-05-31 05:41:04.268057"
"1899","9et6bj-2022-06-01T09:34:11.602Z","15658","Random ",,,"2022-06-01 09:34:11.951326","2022-06-01 09:34:11.951326"
"1900","lwvbqd-2022-06-02T12:37:57.584Z","16413","KATORACOFFEE",,"instagram","2022-06-02 12:37:57.855644","2022-06-02 12:37:57.855644"
"1901","rpl7ng-2022-06-02T17:03:25.753Z","10568","Did You Know Posts",,,"2022-06-02 17:03:26.440552","2022-06-02 17:03:26.440552"
"2258","zqbffp-2022-10-03T12:34:04.048Z","14727","FACEBOOK_Format",,"facebook","2022-10-03 12:34:04.416459","2022-10-03 12:34:04.416459"
"2273","4vtkub-2022-10-11T22:00:34.249Z","12470","DC","751","instagram","2022-10-11 22:00:34.488507","2022-10-11 22:00:34.488507"
"2279","eztsnt-2022-10-11T22:08:02.164Z","12470","FL","751","instagram","2022-10-11 22:08:02.404893","2022-10-11 22:08:02.404893"
"2281","wg0bxm-2022-10-11T22:09:21.184Z","12470","TX","751","instagram","2022-10-11 22:09:21.446921","2022-10-11 22:09:21.446921"
"2289","hk9jb4-2022-10-11T22:24:20.684Z","12470","TN","751","instagram","2022-10-11 22:24:20.979673","2022-10-11 22:24:20.979673"
"2311","hw2zi6-2022-10-17T19:25:37.671Z","18300","Wednesday",,"instagram","2022-10-17 19:25:38.04411","2022-10-17 19:25:38.04411"
"2391","ok3kro-2022-11-03T15:52:28.993Z","12576","Andy Robson Consolidated",,,"2022-11-03 15:52:29.4365","2022-11-03 15:52:29.4365"
"2406","ypfaw9-2022-11-12T16:11:22.897Z","14461","Ikemen Fics",,,"2022-11-12 16:11:23.154352","2022-11-12 16:11:23.154352"
"1935","ievags-2022-06-17T00:04:07.492Z","23","WDCR / MARRS",,,"2022-06-17 00:04:07.824948","2023-03-31 02:00:22.194663"
"1818","2rr01e-2022-04-27T21:36:09.368Z","3822","L7 Salon",,,"2022-04-27 21:36:09.647984","2023-09-15 18:46:30.756966"
"1922","elbc5-2022-06-05T06:18:09.742Z","16454","Your Brand Image Instagram",,,"2022-06-05 17:41:56.940723","2022-06-05 17:41:56.940723"
"1923","d29a5-2022-06-05T06:17:45.203Z","16454","HMC Sisterhood Facebook",,,"2022-06-05 17:41:56.946157","2022-06-05 17:41:56.946157"
"1924","s2h75r-2022-06-05T06:17:08.140Z","16454","HMC Sisterhood Instagram",,,"2022-06-05 17:41:56.952","2022-06-05 17:41:56.952"
"1925","plyvg7-2022-06-09T05:37:35.424Z","13471","Links",,,"2022-06-09 05:37:35.664128","2022-06-09 05:37:35.664128"
"1927","bav9lm-2022-06-10T21:49:05.447Z","15897","Saved Captions",,,"2022-06-10 21:49:05.681439","2022-06-10 21:49:05.681439"
"1928","dl5sr-2022-06-13T17:55:22.023Z","14788","therapyboards",,"instagram","2022-06-13 17:55:23.092082","2022-06-13 17:55:23.092082"
"1930","to8f9-2022-06-15T02:58:14.447Z","16454","General",,,"2022-06-15 02:58:14.683293","2022-06-15 02:58:14.683293"
"1932","l8qnmx-2022-06-14T21:38:48.400Z","16582","Personal",,,"2022-06-15 15:43:51.431034","2022-06-15 15:43:51.431034"
"1933","bsofu-2022-06-14T21:38:07.299Z","16582","Azucar",,,"2022-06-15 15:43:51.437436","2022-06-15 15:43:51.437436"
"1934","eaga0j-2022-06-15T17:30:16.913Z","10419","Before EOR ","356",,"2022-06-15 17:30:17.335597","2022-06-15 17:30:17.335597"
"2552","apbonzu-2023-01-04T20:46:45.045Z","14618","Hashtags",,,"2023-01-04 20:46:45.747439","2023-01-04 20:46:45.747439"
"1942","8iemr-2022-06-17T14:08:30.981Z","10568","Coaching ",,,"2022-06-17 14:08:31.232461","2022-06-17 14:08:31.232461"
"1943","qru8w-2022-04-11T14:56:09.606Z","16607","socialsample",,"instagram","2022-06-17 17:51:29.822586","2022-06-17 17:51:29.822586"
"1944","08b9ll-2022-04-10T16:06:20.061Z","16607","smalltalkexpertin",,"instagram","2022-06-17 17:51:29.829177","2022-06-17 17:51:29.829177"
"1945","9m2oi7-2022-06-19T16:03:09.823Z","16630","Blessing ",,,"2022-06-19 16:03:10.058427","2022-06-19 16:03:10.058427"
"1947","tyd2a4-2022-06-19T23:53:50.547Z","4122","podcast",,,"2022-06-19 23:53:50.765231","2022-06-19 23:53:50.765231"
"1946","x6ybah-2022-06-19T22:25:01.823Z","4122","kpop",,,"2022-06-19 22:25:02.237837","2022-06-19 23:54:01.153986"
"1948","y65zk-2022-06-19T23:54:38.853Z","4122","beauty",,,"2022-06-19 23:54:39.071934","2022-06-19 23:54:39.071934"
"1949","rotkf7-2022-06-19T23:55:38.808Z","4122","personal",,,"2022-06-19 23:55:39.027557","2022-06-19 23:55:39.027557"
"1950","ub091-2022-06-20T07:09:17.333Z","820","Polished Socials",,,"2022-06-20 07:09:17.618592","2022-06-20 07:09:17.618592"
"1951","6bu49-2022-06-21T15:42:35.483Z","10568","Email Campaigns",,,"2022-06-21 15:42:36.154855","2022-06-21 15:42:36.154855"
"1952","ddokx-2022-06-22T21:21:04.710Z","7480","Standard Service",,,"2022-06-22 21:21:05.078569","2022-06-22 21:21:05.078569"
"1953","99d54k-2022-06-23T09:35:00.914Z","8936","IG Tags",,"instagram","2022-06-23 09:35:01.15644","2022-06-23 09:35:01.15644"
"2572","lpqeg-2023-01-11T08:51:25.588Z","13118","skin / topical",,,"2023-01-11 08:51:25.982107","2023-01-11 08:51:25.982107"
"2061","vl1o2s-2022-08-02T23:48:22.608Z","17133","Eazy",,,"2022-08-02 23:49:45.11137","2022-08-02 23:49:45.11137"
"2576","v85i4e-2023-01-12T13:57:56.565Z","7480","La Semilla",,,"2023-01-12 13:57:56.78985","2023-01-12 13:57:56.78985"
"2580","0ryez-2023-01-14T18:26:40.789Z","19510","UJ Instagram Captions",,"instagram","2023-01-14 18:26:41.097422","2023-01-14 18:26:41.097422"
"2588","yybukd-2023-01-19T06:49:01.956Z","11019","Ready","2514","instagram","2023-01-19 06:49:02.397417","2023-01-19 06:49:02.397417"
"2597","du0cd7-2023-01-26T17:43:56.428Z","14203","Brow Artist","1382",,"2023-01-26 17:43:56.738255","2023-01-26 17:43:56.738255"
"2604","ljgx79-2023-01-30T00:17:38.713Z","19823","FB Captions",,"facebook","2023-01-30 00:17:39.069305","2023-01-30 00:17:39.069305"
"2605","6uqf77-2023-01-30T00:18:08.046Z","19823","Insta Captions",,"instagram","2023-01-30 00:18:08.471398","2023-01-30 00:18:08.471398"
"2611","nvt6lp-2023-02-03T18:31:43.636Z","1960","Salon",,,"2023-02-03 18:31:43.866702","2023-02-03 18:31:43.866702"
"2619","5m6l5-2023-02-05T18:57:04.786Z","3822","February",,,"2023-02-05 18:57:04.994885","2023-02-05 18:57:04.994885"
"2213","2bol38-2022-09-10T22:40:28.036Z","11471","muscly_beardy",,"instagram","2022-09-10 22:40:28.285247","2022-09-10 22:40:28.285247"
"2657","ybb8-2023-02-07T18:00:48.853Z","13247","Dr. TawannaK",,"instagram","2023-02-07 18:00:49.276468","2023-02-07 18:00:49.276468"
"2280","wtg1cv-2022-10-11T22:08:43.280Z","12470","GA","751","instagram","2022-10-11 22:08:43.546381","2022-10-11 22:08:43.546381"
"2286","j489wo-2022-10-11T22:17:54.456Z","12470","MA","751","instagram","2022-10-11 22:17:54.760536","2022-10-11 22:18:42.26262"
"2290","r5ace-2022-10-11T22:24:44.896Z","12470","OH","751","instagram","2022-10-11 22:24:45.181703","2022-10-11 22:24:45.181703"
"2294","gmecn5-2022-10-11T22:29:26.626Z","12470","MD","751","instagram","2022-10-11 22:29:26.945056","2022-10-11 22:29:26.945056"
"2663","aexi7-2023-02-10T10:57:20.858Z","9100","Önling",,,"2023-02-10 10:57:21.152204","2023-02-10 10:57:21.152204"
"2288","4peqfm-2022-10-11T22:21:54.108Z","12470","✨ National Days","751",,"2022-10-11 22:21:54.408153","2022-10-12 21:31:32.000576"
"2277","8og7l7-2022-10-11T22:05:42.952Z","12470","✨ Multi City","751","instagram","2022-10-11 22:05:43.396288","2022-10-12 21:32:41.124084"
"2275","hjfw1a-2022-10-11T22:02:06.396Z","12470","Canada 🇨🇦","751","instagram","2022-10-11 22:02:06.63862","2022-10-12 21:59:13.503877"
"2312","c9pumb-2022-10-17T19:25:42.071Z","18300","Thursday",,"instagram","2022-10-17 19:25:42.469188","2022-10-17 19:25:42.469188"
"2669","8yznye-2023-02-12T02:45:45.593Z","19784","Consistency workshop",,,"2023-02-12 02:45:45.854617","2023-02-12 02:45:45.854617"
"2376","pfrdtv-2022-11-01T16:23:30.977Z","6154","nails 💅🏼",,,"2022-11-01 16:23:31.316019","2022-11-01 16:23:31.316019"
"2377","itzrnj-2022-11-01T16:24:24.152Z","6154","PM 🤫",,,"2022-11-01 16:24:24.592572","2022-11-01 16:24:24.592572"
"2392","u14h9-2022-11-03T20:52:37.293Z","12576","Captions",,,"2022-11-03 20:52:37.845366","2022-11-03 20:52:37.845366"
"1514","0g040k-2022-01-17T13:22:45.169Z","197","PERSONA",,,"2022-01-17 13:22:45.505905","2022-11-14 21:04:20.168653"
"2426","o67zig-2022-11-16T23:09:15.087Z","18678","STORY",,,"2022-11-16 23:09:15.339206","2022-11-16 23:09:15.339206"
"2457","l6fjh-2022-11-27T23:19:55.280Z","18790","Wraps","2447",,"2022-11-27 23:19:55.584904","2022-11-27 23:19:55.584904"
"2459","mirkuk-2022-11-27T23:20:17.484Z","18790","Weight Loss","2447",,"2022-11-27 23:20:17.799848","2022-11-27 23:20:17.799848"
"2472","09tfga-2022-11-29T13:41:07.972Z","18807","Reels",,"instagram","2022-11-29 13:41:08.502515","2022-11-29 13:41:08.502515"
"2481","7ltqk-2022-12-01T04:56:17.860Z","7120","Decembre Publié",,,"2022-12-01 04:56:18.839209","2022-12-01 04:56:18.839209"
"2488","a60odf-2022-12-04T21:14:26.696Z","10534","APC-Tony","407",,"2022-12-04 21:14:27.009714","2022-12-04 21:14:27.009714"
"2510","2ax1f-2022-12-15T21:57:49.391Z","14785","Finished projects",,,"2022-12-15 21:57:49.753178","2022-12-15 21:57:49.753178"
"2521","nejccj-2022-12-21T07:04:31.535Z","11019","New Posts","558","instagram","2022-12-21 07:04:31.77112","2022-12-21 07:04:31.77112"
"2534","lx426n-2022-12-30T11:43:20.114Z","14785","Sweet fruits",,,"2022-12-30 11:43:20.339477","2022-12-30 11:45:37.469181"
"2676","my5029-2023-02-13T16:09:03.279Z","20280","Tiktok",,"tiktok","2023-02-13 16:09:04.138372","2023-02-13 16:09:04.138372"
"2698","imwblj-2023-03-01T23:44:58.472Z","2629","EP tracker",,,"2023-03-01 23:44:59.122229","2023-03-01 23:44:59.122229"
"2704","4eoi0g-2023-03-05T18:45:00.082Z","20797","Monday ",,,"2023-03-05 18:45:00.268802","2023-03-05 18:45:00.268802"
"2710","yrgpq-2023-03-11T14:53:11.428Z","20797","Weekend ",,,"2023-03-11 14:53:11.897038","2023-03-11 14:53:11.897038"
"2717","5buad-2023-03-11T23:32:24.315Z","20797","Thursday Thoughts ",,,"2023-03-11 23:32:24.646455","2023-03-11 23:32:24.646455"
"2724","t0km0l-2023-03-12T09:08:32.979Z","20797","Harminder ",,,"2023-03-12 09:08:33.387932","2023-03-12 09:08:33.387932"
"2730","tvmw3i-2023-03-12T13:31:07.922Z","20797","Mom",,,"2023-03-12 13:31:08.127386","2023-03-12 13:31:08.127386"
"2737","dtrxem-2023-03-13T20:08:37.754Z","1001","Prickley Pear ",,"instagram","2023-03-13 20:08:37.975299","2023-03-13 20:08:37.975299"
"2743","7akbe-2023-03-14T12:48:30.472Z","12791","Brow Palette",,,"2023-03-14 12:48:30.768489","2023-03-14 12:48:30.768489"
"2749","gavlx-2022-03-18T13:28:21.968Z","21107","✨Страна Талантов✨","cn5l5-2021-12-12T09:12:40.727Z","instagram","2023-03-16 13:27:45.435978","2023-03-16 13:27:45.435978"
"2750","qu8yy-2022-03-15T09:14:37.753Z","21107","ВК • New","0wuqgl-2022-03-15T09:13:45.697Z",,"2023-03-16 13:27:45.442996","2023-03-16 13:27:45.442996"
"2751","0qxeo-2022-03-15T09:14:23.072Z","21107","ВК • old","0wuqgl-2022-03-15T09:13:45.697Z",,"2023-03-16 13:27:45.44995","2023-03-16 13:27:45.44995"
"2752","0wuqgl-2022-03-15T09:13:45.697Z","21107","ВК",,,"2023-03-16 13:27:45.455989","2023-03-16 13:27:45.455989"
"2753","vn1sx-2022-03-03T11:17:41.092Z","21107","Сочи / Абхазия","cn5l5-2021-12-12T09:12:40.727Z","instagram","2023-03-16 13:27:45.46219","2023-03-16 13:27:45.46219"
"2754","e9leid-2022-03-01T14:37:58.514Z","21107","Thailand 🇹🇭 old","9wlfvw-2021-12-12T09:12:34.069Z","instagram","2023-03-16 13:27:45.468579","2023-03-16 13:27:45.468579"
"2755","unshvl-2022-02-20T15:01:21.907Z","21107","Thailand 🇹🇭","cn5l5-2021-12-12T09:12:40.727Z","instagram","2023-03-16 13:27:45.474664","2023-03-16 13:27:45.474664"
"2756","dalnfp-2022-02-19T10:51:11.792Z","21107","Сахарово","cn5l5-2021-12-12T09:12:40.727Z","instagram","2023-03-16 13:27:45.48108","2023-03-16 13:27:45.48108"
"2869","9yw0w9-2023-04-21T13:26:13.309Z","11019","AI Written","2822",,"2023-04-21 13:26:13.55742","2023-04-21 13:26:13.55742"
"2870","gwwavk-2023-04-24T00:43:41.653Z","1960","Dyllan Captions",,,"2023-04-24 00:43:42.051894","2023-04-24 00:43:42.051894"
"2871","4v12vw-2023-04-24T06:54:47.557Z","6631","HV Döner","1251","instagram","2023-04-24 06:54:47.978292","2023-04-24 06:54:47.978292"
"2872","40epcw-2023-04-24T07:04:06.819Z","6631","Gepostet - HV Döner","2871","instagram","2023-04-24 07:04:07.130884","2023-04-24 07:04:07.130884"
"2873","j33j0s-2023-04-24T07:04:20.070Z","6631","Nicht Gepostet - HV Döner","2871","instagram","2023-04-24 07:04:20.485668","2023-04-24 07:04:20.485668"
"2874","sjhb1f-2023-04-24T07:04:35.202Z","6631","Hashtags - HV Döner","2871","instagram","2023-04-24 07:04:35.479558","2023-04-24 07:04:35.479558"
"2876","wmg8z-2023-04-27T13:47:37.896Z","7096","PB&CO",,"instagram","2023-04-27 13:47:38.361231","2023-04-27 13:47:38.361231"
"2877","5eto74-2023-04-27T13:47:54.041Z","7096","KD",,"instagram","2023-04-27 13:47:54.324158","2023-04-27 13:47:54.324158"
"2878","0jbmdt-2023-04-27T13:48:04.275Z","7096","arbOUR",,,"2023-04-27 13:48:04.525788","2023-04-27 13:48:04.525788"
"2879","v91sjd-2023-04-27T14:09:33.659Z","13552","Skincare Live Events",,,"2023-04-27 14:09:34.64321","2023-04-27 14:09:34.64321"
"2881","3guq02-2023-04-28T01:13:04.904Z","7096","JG",,,"2023-04-28 01:13:05.386217","2023-04-28 01:13:05.386217"
"2887","2779rk-2023-05-02T08:34:30.379Z","21667","Bio’s",,,"2023-05-02 08:34:30.613219","2023-05-02 08:34:38.047091"
"2888","zqppka-2023-05-02T12:29:16.143Z","22055","NuSkin",,,"2023-05-02 12:29:16.369872","2023-05-02 12:29:16.369872"
"2890","rhimpq-2023-05-03T10:11:40.546Z","14203","Hair Tips ","2399",,"2023-05-03 10:11:41.41154","2023-05-03 10:11:41.41154"
"2891","qm6ojc-2023-05-03T10:11:49.501Z","14203","Nail Tips ","2399",,"2023-05-03 10:11:49.802895","2023-05-03 10:11:49.802895"
"2882","ognnzv-2023-04-28T18:51:04.747Z","14203","1. unreel",,,"2023-04-28 18:51:08.811374","2023-05-03 10:55:27.752921"
"2612","0a9zd8-2023-02-04T09:41:40.925Z","14203","5. Akti",,,"2023-02-04 09:41:41.474413","2023-05-03 10:56:48.612017"
"2784","w62w3d-2023-03-31T17:58:49.810Z","14203","6. Kings and Queens",,,"2023-03-31 17:58:50.137397","2023-05-03 10:56:59.212761"
"2892","hg2y39-2023-05-03T18:37:02.894Z","17223","URC",,"facebook","2023-05-03 18:37:03.16382","2023-05-03 18:37:03.16382"
"2893","htltdn-2023-05-04T11:28:05.375Z","22102","Instagram Post Quotes ",,,"2023-05-04 11:28:05.595728","2023-05-04 11:28:05.595728"
"2896","n9b2hn-2023-05-05T18:55:16.401Z","21674","Sales And Promotion",,,"2023-05-05 18:55:16.655166","2023-05-05 18:55:16.655166"
"2897","xp4n8e-2023-05-05T18:55:43.117Z","21674","Content Mens",,,"2023-05-05 18:55:43.366337","2023-05-05 18:55:43.366337"
"2898","9y0klh-2023-05-05T18:56:02.500Z","21674","Recruitment",,,"2023-05-05 18:56:02.763114","2023-05-05 18:56:02.763114"
"2899","kdtcin-2023-05-05T18:56:18.397Z","21674","Content Women",,,"2023-05-05 18:56:18.644272","2023-05-05 18:56:18.644272"
"2900","u5mxjb-2023-05-09T12:33:00.901Z","9100","Tide_Loop_Tee","2779",,"2023-05-09 12:33:01.558603","2023-05-09 12:33:01.558603"
"2902","v4905-2023-05-11T00:07:52.191Z","18144","Mental health awareness month",,,"2023-05-11 00:07:52.425296","2023-05-11 00:07:52.425296"
"2903","yj6tx-2023-05-11T12:29:49.082Z","2124","Brain Health",,,"2023-05-11 12:29:49.326126","2023-05-11 12:29:49.326126"
"2904","wyanyr-2023-05-11T14:52:54.660Z","12271","ANDHERA",,,"2023-05-11 14:52:54.914251","2023-05-11 14:52:54.914251"
"2905","wt8dy-2023-05-13T02:48:05.293Z","15571","New Instagram",,"instagram","2023-05-13 02:48:05.70874","2023-05-13 02:48:05.70874"
"2906","56l3gw-2023-05-13T07:00:05.017Z","9100","Lined_Loop_Top","2779",,"2023-05-13 07:00:05.723853","2023-05-13 07:00:05.723853"
"2907","f2cs6v-2023-05-14T01:51:38.219Z","22366","Captions",,"instagram","2023-05-14 01:51:38.588866","2023-05-14 01:51:38.588866"
"2908","ekmsh-2023-05-17T05:09:06.846Z","11019","Written Posts","2591",,"2023-05-17 05:09:07.139243","2023-05-17 05:09:07.139243"
"2909","r4df-2023-05-17T05:11:14.498Z","11019","Written","2522","instagram","2023-05-17 05:11:14.766097","2023-05-17 05:11:14.766097"
"2910","vudsdk-2023-05-17T05:11:20.942Z","11019","Reel","2522","instagram","2023-05-17 05:11:21.198485","2023-05-17 05:11:21.198485"
"2911","b76pyg-2023-05-17T10:45:39.373Z","12143","PD Caregiver",,,"2023-05-17 10:45:39.588688","2023-05-17 10:45:39.588688"
"2912","iztw-2023-05-17T18:41:01.434Z","19298","Mine ",,,"2023-05-17 18:41:02.183809","2023-05-17 18:41:02.183809"
"2919","fo84c6-2023-05-24T11:01:50.907Z","22575","The Healing Conversations",,,"2023-05-24 11:01:51.113972","2023-05-24 11:01:51.113972"
"2924","6zl5g-2023-05-25T16:45:51.872Z","23","SJR",,,"2023-05-25 16:45:52.278469","2023-05-25 16:45:52.278469"
"2926","syytir-2023-05-25T21:09:25.346Z","14203","Glowbar Evosmos",,,"2023-05-25 21:09:26.627092","2023-05-25 21:09:26.627092"
"2927","trdnwi-2023-05-26T17:20:22.488Z","22024","poem",,,"2023-05-26 17:20:22.757746","2023-05-26 17:20:22.757746"
"2928","p2ul77-2023-05-29T13:29:12.018Z","2124","The Success Lab",,,"2023-05-29 13:29:12.406537","2023-05-29 13:29:12.406537"
"2929","9ch8np-2023-05-30T05:06:47.224Z","22544","Posted",,,"2023-05-30 05:06:47.684363","2023-05-30 05:06:47.684363"
"2930","9hddja-2023-05-30T05:07:15.181Z","22544","New",,,"2023-05-30 05:07:15.411992","2023-05-30 05:07:15.411992"
"2931","pcadd-2023-05-30T05:08:07.316Z","22544","Inspo creations",,,"2023-05-30 05:08:07.575501","2023-05-30 05:08:07.575501"
"2948","vhzqe-2023-06-07T20:33:18.998Z","10568","Used",,,"2023-06-07 20:33:19.256071","2023-06-07 20:33:19.256071"
"2949","xiwh1b-2023-06-08T14:40:25.134Z","11443","LinkedIn",,,"2023-06-08 14:40:25.515474","2023-06-08 14:40:25.515474"
"2950","5d0sx-2023-06-09T16:12:44.611Z","11147","Dae Kim",,,"2023-06-09 16:12:44.8238","2023-06-09 16:12:44.8238"
"2951","yliw1i-2023-06-12T16:42:22.562Z","22985","OOD",,,"2023-06-12 16:42:22.835989","2023-06-12 16:42:22.835989"
"2952","4rfxf-2023-06-12T16:42:39.962Z","22985","Savvi Launch ",,,"2023-06-12 16:42:40.208937","2023-06-12 16:42:40.208937"
"2953","b737u6-2023-06-12T18:41:28.524Z","22985","So anthro ",,,"2023-06-12 18:41:28.835901","2023-06-12 18:41:28.835901"
"2954","s5afqs-2023-06-14T19:35:27.771Z","23025","Balsamic And Pesto Fresh mozzarella Salad With Honey Garlic Meatballs",,,"2023-06-14 19:35:28.178988","2023-06-14 19:35:28.178988"
"2955","r44pci-2023-06-14T21:47:11.485Z","23025","Salmon bowl",,,"2023-06-14 21:47:11.763045","2023-06-14 21:47:11.763045"
"2956","cxiiuo-2023-06-14T21:54:08.394Z","23025","Strawberry Rhubarb Seltzer",,,"2023-06-14 21:54:08.732344","2023-06-14 21:54:08.732344"
"2967","7y03qe-2023-06-15T01:33:48.559Z","23025","Mediterranean Orzo Bowl",,,"2023-06-15 01:33:48.821548","2023-06-15 01:33:48.821548"
"361","yf9fuj-2021-02-28T05:52:10.863Z","557","loseleafs ( bios, location, names )",,"twitter","2021-02-28 05:52:11.303456","2024-06-19 07:33:42.349389"
"2957","eio76s-2023-06-14T22:01:09.684Z","23025","Jaimaican Siracha Grilled Chicken",,,"2023-06-14 22:01:09.967295","2023-06-14 22:01:09.967295"
"2958","p4g0v-2023-06-14T22:06:56.640Z","23025","Taco Bowl",,,"2023-06-14 22:06:56.874373","2023-06-14 22:06:56.874373"
"2959","kynkbb-2023-06-14T22:17:15.712Z","23025","Strawberry Rhubarb Basil Pie ",,,"2023-06-14 22:17:16.197906","2023-06-14 22:17:16.197906"
"2960","3d83o9-2023-06-14T23:02:43.370Z","23025","Pepperoni Salami Sandwich",,,"2023-06-14 23:02:43.607826","2023-06-14 23:02:43.607826"
"2961","5a19z-2023-06-14T23:03:33.897Z","23025","Honey Garlic Meatballs",,,"2023-06-14 23:03:34.126728","2023-06-14 23:03:34.126728"
"2962","6gcz03-2023-06-15T00:23:48.826Z","23025","Banana Cream Pie Dessert",,,"2023-06-15 00:23:49.057806","2023-06-15 00:23:49.057806"
"2963","h34gx6-2023-06-15T00:24:49.682Z","23025","Pesto Chicken",,,"2023-06-15 00:24:49.949184","2023-06-15 00:24:49.949184"
"2964","qhnle-2023-06-15T00:45:21.961Z","23025","Turkey Onion Mushroom Base recipe",,,"2023-06-15 00:45:22.234169","2023-06-15 00:45:22.234169"
"2965","scqxx7-2023-06-15T01:17:54.814Z","23025","Guacamole",,,"2023-06-15 01:17:55.05581","2023-06-15 01:17:55.05581"
"2966","xjjvk4-2023-06-15T01:23:02.460Z","23025","Lemon cake. Strawberry Basil Filling. Lemon Mascarpone Frosting",,,"2023-06-15 01:23:02.819264","2023-06-15 01:23:02.819264"
"2968","1mm4rx-2023-06-15T01:37:19.238Z","23025","Sloppy Joes",,,"2023-06-15 01:37:19.483258","2023-06-15 01:37:19.483258"
"2969","23vwje-2023-06-15T01:42:14.389Z","23025","Fresh Salsa",,,"2023-06-15 01:42:14.641192","2023-06-15 01:42:14.641192"
"2970","wnveio-2023-06-15T01:46:26.245Z","23025","Lemon Bar",,,"2023-06-15 01:46:26.506745","2023-06-15 01:46:26.506745"
"2971","73efnu-2023-06-15T01:53:44.851Z","23025","Hubby’s Top 10",,,"2023-06-15 01:53:45.124285","2023-06-15 01:53:45.124285"
"2972","woy1g8-2023-06-15T01:59:50.822Z","23025","5 Dishes - 1 Recipe Base - Turkey Onion Mushroom",,,"2023-06-15 01:59:51.110021","2023-06-15 01:59:51.110021"
"2973","46eix-2023-06-15T02:10:35.497Z","23025","Cumin Chicken",,,"2023-06-15 02:10:36.255954","2023-06-15 02:10:36.255954"
"2974","q2fjjp-2023-06-15T02:15:17.786Z","23025","Grapefruit Pear Mocktail",,,"2023-06-15 02:15:18.043514","2023-06-15 02:15:18.043514"
"2976","9irz9l-2023-06-15T02:22:50.213Z","23025","Enchilada",,,"2023-06-15 02:22:50.450453","2023-06-15 02:22:50.450453"
"2977","0na722o-2023-06-15T03:38:24.825Z","23025","Egg And Arugula Sandwich",,,"2023-06-15 03:38:25.118752","2023-06-15 03:38:25.118752"
"2978","dojw5-2023-06-15T03:41:38.759Z","23025","Hamburger Casserole",,,"2023-06-15 03:41:38.984629","2023-06-15 03:41:38.984629"
"2979","gknw1-2023-06-15T03:48:26.145Z","23025","5 Breakfast Sandwiches",,,"2023-06-15 03:48:26.562026","2023-06-15 03:48:26.562026"
"2980","z7q94a-2023-06-15T03:49:06.187Z","23025","Peach And Mint Frozen Drink",,,"2023-06-15 03:49:06.422078","2023-06-15 03:49:06.422078"
"2981","w3axd4-2023-06-15T04:03:45.548Z","23025","Gocharung And Orange Zest Grilled Chicken",,,"2023-06-15 04:03:46.099214","2023-06-15 04:03:46.099214"
"2982","lkx0he-2023-06-15T04:07:37.423Z","23025","Swicy Dessert",,,"2023-06-15 04:07:37.849457","2023-06-15 04:07:37.849457"
"2983","tgawtn-2023-06-15T04:29:18.520Z","23025","Turkey Mushroom Onion Stuffed Pepper",,,"2023-06-15 04:29:18.961565","2023-06-15 04:29:18.961565"
"2984","a357l-2023-06-15T04:29:33.253Z","23025","Garlic Butter And Thyme Pork",,,"2023-06-15 04:29:33.699139","2023-06-15 04:29:33.699139"
"2985","yomwpi-2023-06-15T04:29:46.555Z","23025","Pesto - Pine Nuts",,,"2023-06-15 04:29:46.978385","2023-06-15 04:29:46.978385"
"2986","rf9us8-2023-06-15T04:29:57.706Z","23025","Classic Banana Split",,,"2023-06-15 04:29:58.273589","2023-06-15 04:29:58.273589"
"2987","q745el-2023-06-15T04:30:09.918Z","23025","Cilantro Lime Chicken Pita",,,"2023-06-15 04:30:10.35111","2023-06-15 04:30:10.35111"
"2988","51x99k-2023-06-15T04:30:31.186Z","23025","Turkey And Ricotta Stuff Shells With Tomato Basil Sauce",,,"2023-06-15 04:30:31.605373","2023-06-15 04:30:31.605373"
"2989","jfkl4jh-2023-06-15T04:30:42.601Z","23025","Puppy Chow",,,"2023-06-15 04:30:43.045429","2023-06-15 04:30:43.045429"
"2990","x30q1-2023-06-16T20:55:25.395Z","23034","Fathers Day Gift Idea",,,"2023-06-16 20:55:25.656643","2023-06-16 20:55:25.656643"
"2991","mbvshs-2023-06-18T22:58:47.704Z","12633","LinkedIn",,,"2023-06-18 22:58:48.075155","2023-06-18 22:58:48.075155"
"2992","bfsofl-2023-06-19T11:54:47.629Z","15488","ERGO-DESIGN",,,"2023-06-19 11:54:47.911127","2023-06-19 11:54:47.911127"
"2993","7vlchv-2023-06-19T13:01:55.305Z","21314","Colorado Deckscapes",,,"2023-06-19 13:01:55.637359","2023-06-19 13:01:55.637359"
"2994","p3tqzk-2023-06-19T13:02:06.348Z","21314","Sage Creek Decks",,,"2023-06-19 13:02:06.669421","2023-06-19 13:02:06.669421"
"2995","ijbn9c-2023-06-19T13:02:14.936Z","21314","Bullard Tree Care",,,"2023-06-19 13:02:15.244197","2023-06-19 13:02:15.244197"
"2996","l0q258-2023-06-19T13:02:21.485Z","21314","Hashtags",,,"2023-06-19 13:02:21.79266","2023-06-19 13:02:21.79266"
"2997","vh2p1p-2023-06-19T13:02:40.908Z","21314","Weekly Content Planning",,,"2023-06-19 13:02:41.228188","2023-06-19 13:02:41.228188"
"2998","nocx5-2023-06-19T13:03:20.946Z","21314","MISC",,,"2023-06-19 13:03:21.253284","2023-06-19 13:03:21.253284"
"2999","xcg74v-2023-06-19T13:43:42.451Z","21314","Mondragon Roofing",,,"2023-06-19 13:43:42.763166","2023-06-19 13:43:42.763166"
"3000","9rpan6-2023-06-19T19:41:55.671Z","6631","Ki Zitate","1244","instagram","2023-06-19 19:41:55.936489","2023-06-19 19:41:55.936489"
"3001","lucwvk-2023-06-20T08:11:54.514Z","9100","WorkOut",,,"2023-06-20 08:11:55.311596","2023-06-20 08:11:55.311596"
"3002","5w7dma-2023-05-11T19:48:03.748Z","23112","IG",,,"2023-06-20 18:26:05.741539","2023-06-20 18:26:05.741539"
"3003","4ui48g-2023-06-20T19:26:41.547Z","19584","Vphath.7",,"instagram","2023-06-20 19:26:41.794365","2023-06-20 19:26:41.794365"
"3004","4kti87-2023-06-20T19:27:11.450Z","19584","Until.thetrumpet.sounds",,"instagram","2023-06-20 19:27:11.801609","2023-06-20 19:27:11.801609"
"3005","zzuint-2023-06-22T16:00:40.100Z","23145","Prøve",,,"2023-06-22 16:01:30.087945","2023-06-22 16:01:30.087945"
"3006","i7tpg9-2023-06-23T15:58:24.173Z","19584","Multiple Accounts",,"instagram","2023-06-23 15:58:24.612616","2023-06-23 15:58:24.612616"
"3007","tdqe8f-2023-06-24T06:23:56.143Z","22777","Products",,"instagram","2023-06-24 06:23:56.87378","2023-06-24 06:23:56.87378"
"3008","wjyaem-2023-06-24T06:24:05.491Z","22777","Bees",,"instagram","2023-06-24 06:24:06.179788","2023-06-24 06:24:06.179788"
"3009","472819-2023-06-24T12:46:31.348Z","9582","Elegantly Natalie ",,"instagram","2023-06-24 12:46:31.909222","2023-06-24 12:46:31.909222"
"3011","h72lgw-2023-06-25T01:26:27.251Z","10877","Fashion Post",,,"2023-06-25 01:26:27.737735","2023-06-25 01:26:27.737735"
"3012","3k7ou-2023-06-25T22:43:02.851Z","10419","Hashtags",,"linkedin","2023-06-25 22:43:03.274333","2023-06-25 22:43:03.274333"
"3013","p99ixy-2023-06-27T17:26:46.953Z","15571","Personal ",,,"2023-06-27 17:26:47.149002","2023-06-27 17:26:47.149002"
"3014","wvmuli-2023-06-27T19:55:06.759Z","10419","Patient Experience posts ",,"linkedin","2023-06-27 19:55:07.13824","2023-06-27 19:55:07.13824"
"3015","cdu9h-2023-06-28T08:58:01.064Z","4886","OM",,"instagram","2023-06-28 08:58:01.330033","2023-06-28 08:58:01.330033"
"3017","uv45mr-2023-05-17T03:11:44.805Z","23242","Quote",,,"2023-06-28 23:29:06.109012","2023-06-28 23:29:06.109012"
"3018","azcczn-2023-06-29T10:55:55.643Z","4886","Frenchs De Dubai",,"facebook","2023-06-29 10:55:56.300346","2023-06-29 10:55:56.300346"
"3019","efu8lg-2023-06-29T14:30:39.736Z","11088","July 2023 To Post",,,"2023-06-29 14:30:39.995952","2023-06-29 14:30:39.995952"
"3020","t3z3j-2023-06-30T05:21:43.097Z","11019","Tweets","2514","twitter","2023-06-30 05:21:43.360551","2023-06-30 05:21:43.360551"
"3022","20noyg-2023-07-02T12:39:04.580Z","501","ELPs",,,"2023-07-02 12:39:04.806263","2023-07-02 12:39:04.806263"
"3023","29i0sp-2023-07-02T21:04:40.523Z","557","letterboxd 🧡💚🩵",,,"2023-07-02 21:04:40.784339","2023-07-02 21:04:40.784339"
"3056","krgsty-2023-07-03T16:54:53.935Z","19784","Zeta",,,"2023-07-03 16:54:54.196246","2023-07-03 16:54:54.196246"
"3057","g9s2es-2023-07-04T16:28:40.971Z","23356","Dental",,,"2023-07-04 16:28:41.263846","2023-07-04 16:28:41.263846"
"3060","gmcbv-2023-07-09T20:52:14.255Z","22193","Insta Caption",,"instagram","2023-07-09 20:52:14.521145","2023-07-09 20:52:14.521145"
"3061","z35ly-2023-07-10T14:14:04.821Z","1960","Jer",,,"2023-07-10 14:14:05.069924","2023-07-10 14:14:05.069924"
"3062","4qwcbi-2023-07-10T14:15:43.803Z","1960","Client Script",,,"2023-07-10 14:15:44.060587","2023-07-10 14:15:44.060587"
"3063","bv0h5l-2023-07-11T16:21:52.992Z","23522","Sizzles",,"instagram","2023-07-11 16:21:53.302473","2023-07-11 16:21:53.302473"
"3064","ihq89-2023-07-11T20:32:13.510Z","19584","UntilTheTrumpet",,"twitter","2023-07-11 20:32:14.383511","2023-07-11 20:32:14.383511"
"3065","cdr0fg-2023-07-12T01:09:18.900Z","23510","Instagram_Devin",,"instagram","2023-07-12 01:09:19.231269","2023-07-12 01:09:19.231269"
"3066","oz1tui-2023-07-12T05:09:12.284Z","10534","RMR",,,"2023-07-12 05:09:12.92066","2023-07-12 05:09:12.92066"
"3067","p3wc9-2023-07-13T03:28:29.939Z","23510","Dylan",,"twitter","2023-07-13 03:28:30.575249","2023-07-13 03:28:30.575249"
"3068","dpsxsr-2023-07-13T11:36:21.338Z","14727","BELTLINE PHOTOGRAPHY",,,"2023-07-13 11:36:21.753394","2023-07-13 11:36:21.753394"
"3069","5uhgtr-2023-07-14T13:07:02.080Z","10290","Jackie",,,"2023-07-14 13:07:02.298103","2023-07-14 13:07:02.298103"
"3070","1icamg-2023-07-16T15:59:25.380Z","12633","Sara sparkles Insta",,,"2023-07-16 15:59:25.708875","2023-07-16 15:59:25.708875"
"3071","no0pxj-2023-07-17T05:05:42.342Z","23112","Elle",,,"2023-07-17 05:05:42.622945","2023-07-17 05:05:42.622945"
"3072","udrsks-2023-07-17T12:39:27.239Z","23585","Completed",,,"2023-07-17 12:39:27.495974","2023-07-17 12:39:27.495974"
"3074","45neyt-2023-07-19T13:49:44.119Z","23510","Facebook",,"facebook","2023-07-19 13:49:44.802014","2023-07-19 13:49:44.802014"
"3075","xeyv0q-2023-07-21T01:14:38.545Z","10426","Singing Pandas Chandler",,,"2023-07-21 01:14:38.852658","2023-07-21 01:14:38.852658"
"3076","6menq5h-2023-07-22T06:53:21.861Z","23658","My Bottega",,"instagram","2023-07-22 06:53:22.346641","2023-07-22 06:53:22.346641"
"3077","i3gic8-2022-09-12T15:56:23.270Z","23728","Posted",,"instagram","2023-07-22 08:23:15.458121","2023-07-22 08:23:15.458121"
"3078","7r1cv4-2022-09-12T15:55:57.968Z","23728","@brainsaresexy",,"instagram","2023-07-22 08:23:15.470062","2023-07-22 08:23:15.470062"
"3079","a9bk4t-2022-09-12T15:55:36.425Z","23728","@signaregriottes",,"instagram","2023-07-22 08:23:15.479769","2023-07-22 08:23:15.479769"
"3080","9c62p-2023-07-22T19:45:29.016Z","10534","SC","381",,"2023-07-22 19:45:29.449157","2023-07-22 19:45:40.894994"
"3081","hh5zof-2023-07-25T08:16:01.060Z","23658","Etsy My Bottega",,,"2023-07-25 08:16:01.477858","2023-07-25 08:16:01.477858"
"3083","tikorf-2023-07-26T16:14:45.275Z","10534","URA-Marlies","407",,"2023-07-26 16:14:45.555152","2023-07-26 16:14:45.555152"
"3084","p9s9ek-2023-07-28T12:28:38.582Z","23841","8/3 Workshop",,,"2023-07-28 12:28:38.835201","2023-07-28 12:28:38.835201"
"3085","4yr14s-2023-07-28T14:48:08.391Z","23025","Creamy Cucumbers",,,"2023-07-28 14:48:08.832902","2023-07-28 14:48:08.832902"
"3094","tvim5p-2023-07-31T00:04:32.140Z","21314","5280 PL",,,"2023-07-31 00:04:32.391548","2023-07-31 00:04:32.391548"
"3096","c8g1io-2023-08-01T21:00:57.504Z","12633","Content folder ",,,"2023-08-01 21:00:57.809336","2023-08-01 21:00:57.809336"
"3097","5ihfvg-2023-08-02T15:36:34.791Z","18790","Playboy",,,"2023-08-02 15:36:35.024022","2023-08-02 15:36:35.024022"
"3098","cx3d9-2023-08-03T17:11:55.629Z","23025","Roasted Green Pepper And Egg",,,"2023-08-03 17:11:55.959128","2023-08-03 17:11:55.959128"
"3099","renfl9-2023-08-03T21:09:37.000Z","23025","Fresh And Roasted Arugula Salad",,,"2023-08-03 21:09:37.461204","2023-08-03 21:09:37.461204"
"3100","zagdn-2023-08-03T22:11:18.639Z","23025","Roasted Black Pepper Green Beans",,,"2023-08-03 22:11:19.035146","2023-08-03 22:11:19.035146"
"3101","rxfy9a-2023-08-04T15:33:19.087Z","18790","Posted Pb","3097",,"2023-08-04 15:33:19.902842","2023-08-04 15:33:19.902842"
"3102","pehw1d-2023-08-05T00:26:21.518Z","23986","AllGoodThings.Aesthetics",,"instagram","2023-08-05 00:26:21.85355","2023-08-05 00:26:21.85355"
"3103","poajzi-2023-08-05T00:30:28.245Z","23986","MyTreads",,"threads","2023-08-05 00:30:28.556724","2023-08-05 00:30:28.556724"
"3104","61zwe8-2023-08-05T12:20:28.881Z","14203","Reviews","1386",,"2023-08-05 12:20:29.282312","2023-08-05 12:20:29.282312"
"3105","ovjx0s-2023-08-05T14:04:50.860Z","23996","Ai",,"instagram","2023-08-05 14:04:51.226018","2023-08-05 14:04:51.226018"
"3106","24f1y-2023-08-05T14:05:03.658Z","23996","Ai",,"facebook","2023-08-05 14:05:04.108492","2023-08-05 14:05:04.108492"
"3107","sxq5ja-2023-08-06T20:31:16.956Z","6763","LTK Post Copy",,,"2023-08-06 20:31:17.479608","2023-08-06 20:31:17.479608"
"3108","x88jsp-2023-08-06T21:39:44.079Z","6763","Make Room Monday",,,"2023-08-06 21:39:45.09307","2023-08-06 21:39:45.09307"
"3110","uy0v6x-2023-08-08T11:17:01.275Z","24033","TikTok",,"tiktok","2023-08-08 11:17:01.542408","2023-08-08 11:17:01.542408"
"3112","y4r7qr-2023-08-10T18:08:47.039Z","6608","Story Thoughts/Motivation",,,"2023-08-10 18:08:47.844987","2023-08-10 18:08:47.844987"
"3113","hilyc-2023-08-10T18:18:40.824Z","24080","IG",,"instagram","2023-08-10 18:18:41.339595","2023-08-10 18:18:41.339595"
"3114","ig6chh-2023-08-10T21:57:10.047Z","11019","Launch Content","2908",,"2023-08-10 21:57:10.689218","2023-08-11 08:20:10.806993"
"3115","5af3sw-2023-08-11T09:22:45.390Z","11019","Send To RFC","3114",,"2023-08-11 09:22:48.383979","2023-08-11 09:22:48.383979"
"3116","drgx4h-2023-08-11T09:24:21.822Z","11019","Launch Content","2514","instagram","2023-08-11 09:25:09.250047","2023-08-11 09:25:09.250047"
"3117","ttgbm-2023-08-11T09:25:16.696Z","11019","Sent","drgx4h-2023-08-11T09:24:21.822Z","instagram","2023-08-11 09:25:17.393966","2023-08-11 09:25:17.393966"
"3118","gevhz-2023-08-11T12:50:10.047Z","24109","Longtail Keywords",,,"2023-08-11 12:50:10.274351","2023-08-11 12:50:10.274351"
"3119","6hhmd-2023-08-12T21:24:01.953Z","13552","Chat Gpt Promts",,,"2023-08-12 21:24:02.979272","2023-08-12 21:24:02.979272"
"3120","nh8pg5-2023-08-13T20:20:37.472Z","4886","Mindaolou",,,"2023-08-13 20:20:37.902743","2023-08-13 20:20:37.902743"
"3121","hv2b5-2023-08-14T03:54:25.453Z","24137","Noho Nails",,"instagram","2023-08-14 03:54:25.703978","2023-08-14 03:54:25.703978"
"3122","5hiybp-2023-08-14T16:00:37.647Z","14733","Immorktal ",,,"2023-08-14 16:00:38.119371","2023-08-14 16:00:38.119371"
"3124","iyf6zs-2023-08-17T10:19:48.109Z","4886","Facebook Profile",,"facebook","2023-08-17 10:19:48.445222","2023-08-17 10:19:48.445222"
"3125","5bp8k8-2023-08-19T00:25:16.991Z","23025","Tomato Thyme Feta And Chicken",,,"2023-08-19 00:25:17.389968","2023-08-19 00:25:17.389968"
"3126","n1403a-2023-08-19T00:56:30.336Z","23025","Hot Honey Brussel Sprouts",,,"2023-08-19 00:56:30.757315","2023-08-19 00:56:30.757315"
"3127","m32ehs-2023-08-19T01:00:29.390Z","23025","Spiced Mascarpone Dip And Apples",,,"2023-08-19 01:00:29.751056","2023-08-19 01:00:29.751056"
"3128","prpi1t-2023-08-19T02:13:15.316Z","23025","Caffinated Chai Tea Oatmeal",,,"2023-08-19 02:13:16.289418","2023-08-19 02:13:16.289418"
"3129","lmd2zm-2023-08-19T02:38:46.730Z","23025","Swedish Meatballs And Green Beans",,,"2023-08-19 02:38:47.07889","2023-08-19 02:38:47.07889"
"3130","81nag5-2023-08-19T03:03:33.195Z","23025","Mushroom Thyme Soup",,,"2023-08-19 03:03:33.513097","2023-08-19 03:03:33.513097"
"3131","uiixy8-2023-08-19T03:06:36.438Z","23025","Paremsan and Onion Toasted Hoagie",,,"2023-08-19 03:06:36.801301","2023-08-19 03:06:36.801301"
"3132","2pifkb-2023-08-19T03:08:54.639Z","23025","Sweet Potato And Mushroom Hash",,,"2023-08-19 03:08:55.012145","2023-08-19 03:08:55.012145"
"3133","f1lllq-2023-08-19T03:12:09.008Z","23025","Wild Rice Mushroom And Thyme Bowl",,,"2023-08-19 03:12:09.355388","2023-08-19 03:12:09.355388"
"3134","8kijwd-2023-08-19T03:15:26.286Z","23025","Jalepeno Corn And Basil Salad",,,"2023-08-19 03:15:26.637768","2023-08-19 03:15:26.637768"
"3135","d5q13o-2023-08-19T03:20:16.970Z","23025","Ginger Turmeric Cookie",,,"2023-08-19 03:20:17.234013","2023-08-19 03:20:17.234013"
"3136","jsbjk8h-2023-08-19T13:13:30.656Z","6763","REEL TEMPLATES",,,"2023-08-19 13:13:31.096278","2023-08-19 13:13:31.096278"
"3137","uikm1-2023-08-20T21:42:41.919Z","23025","Spaghetti",,,"2023-08-20 21:42:42.173238","2023-08-20 21:42:42.173238"
"3138","6mlmbh-2023-08-20T21:59:18.380Z","23025","Gochugaru Chocolate Chip Cookies",,,"2023-08-20 21:59:18.82158","2023-08-20 21:59:18.82158"
"3139","4wkero-2023-08-20T22:05:17.533Z","23025","Spinach And Gouda Breakfast Sandwich",,,"2023-08-20 22:05:17.783964","2023-08-20 22:05:17.783964"
"3143","n464ng-2023-08-23T18:27:41.777Z","23025","Fried Egg And Tomato Breakfast",,,"2023-08-23 18:27:42.064604","2023-08-23 18:27:42.064604"
"3144","y5wig-2023-08-23T18:28:36.871Z","23025","Sundried Tomato And Creamy Chicken Rice Bowl",,,"2023-08-23 18:28:37.23574","2023-08-23 18:28:37.23574"
"3145","g3hazs-2023-08-23T18:43:43.579Z","23025","Baked Garlic And Parmesan Vegetable Melody",,,"2023-08-23 18:43:43.854936","2023-08-23 18:43:43.854936"
"3146","khoz4-2023-08-23T18:56:27.244Z","23025","Chipotle Puppy Chow",,,"2023-08-23 18:56:27.566487","2023-08-23 18:56:27.566487"
"3148","t3qd5-2023-08-24T16:00:48.253Z","24316","Houses",,"facebook","2023-08-24 16:00:48.603261","2023-08-24 16:00:48.603261"
"3149","svfzn-2023-08-24T20:55:28.624Z","12271","JUNOON",,,"2023-08-24 20:55:28.880756","2023-08-24 20:55:28.880756"
"3153","7klqsl-2023-08-29T21:04:23.605Z","10677","Saved ",,,"2023-08-29 21:04:23.89673","2023-08-29 21:04:23.89673"
"3154","z6yjdf-2023-08-31T09:22:10.373Z","11019","2023","2521","instagram","2023-08-31 09:22:10.662633","2023-08-31 09:22:10.662633"
"3155","7bpnh-2023-09-04T20:50:20.323Z","8736","Deber ",,,"2023-09-04 20:50:20.611104","2023-09-04 20:50:20.611104"
"3157","rpdymr-2023-09-08T17:50:43.682Z","24532","Style",,,"2023-09-08 17:50:43.986252","2023-09-08 17:50:43.986252"
"3158","immc74-2023-09-09T04:17:16.508Z","24532","Beauty ",,,"2023-09-09 04:17:16.762267","2023-09-09 04:17:16.762267"
"3159","vpej3m-2023-09-09T11:50:14.847Z","24532","Motivation ",,,"2023-09-09 11:50:15.375121","2023-09-09 11:50:15.375121"
"3160","4iewpu-2023-09-09T19:10:49.780Z","24545","Travel",,,"2023-09-09 19:10:51.157233","2023-09-09 19:10:51.157233"
"3162","uoj8xf-2023-09-11T12:54:06.342Z","13371","2023",,"facebook","2023-09-11 12:54:07.646344","2023-09-11 12:54:07.646344"
"3163","5jmh6-2023-09-11T14:16:47.903Z","24483","Summerville",,,"2023-09-11 14:16:48.124808","2023-09-11 14:16:48.124808"
"3164","uf24ae6-2023-09-12T16:05:49.999Z","15022","Racheal Lee",,,"2023-09-12 16:05:50.38985","2023-09-12 16:05:50.38985"
"3166","7rj2kk-2023-09-14T02:35:40.761Z","24532","Technology ",,,"2023-09-14 02:35:41.008412","2023-09-14 02:35:41.008412"
"3167","7yybw-2023-09-14T02:36:28.952Z","24532","Outtings",,,"2023-09-14 02:36:29.180186","2023-09-14 02:36:29.180186"
"3168","1k2x2a-2023-09-14T10:01:57.464Z","16910","Property Form ",,,"2023-09-14 10:01:58.121162","2023-09-14 10:01:58.121162"
"3169","8bc65o-2023-09-14T11:50:11.808Z","24532","Hair ",,,"2023-09-14 11:50:12.333469","2023-09-14 11:50:12.333469"
"3170","tz30se-2023-09-14T22:43:08.833Z","24532","Camera",,,"2023-09-14 22:43:09.100053","2023-09-14 22:43:09.100053"
"3171","bwino-2023-09-16T08:54:26.738Z","13552","Christmas 2023",,,"2023-09-16 08:54:26.982165","2023-09-16 08:54:26.982165"
"3204","arxak-2023-09-19T12:17:46.756Z","24532","Accessories ",,,"2023-09-19 12:17:47.318713","2023-09-19 12:17:47.318713"
"3205","fw0avp-2023-09-19T15:40:51.409Z","22815","Mum",,,"2023-09-19 15:40:51.686588","2023-09-19 15:40:51.686588"
"3207","9m4g2p-2023-09-20T22:31:50.152Z","13550","Luke anthony",,,"2023-09-20 22:31:50.435704","2023-09-20 22:31:50.435704"
"3208","g4osyb-2023-09-22T05:51:18.275Z","22684","W&B Descriptions - Linear collection",,,"2023-09-22 05:51:20.269273","2023-09-22 05:51:20.269273"
"3209","i6g04r-2023-09-22T18:26:56.109Z","24633","X",,,"2023-09-22 18:26:56.769495","2023-09-22 18:26:56.769495"
"3210","w92c79-2023-09-24T14:06:31.802Z","23025","Apple Crisp - Minimal Sugar",,,"2023-09-24 14:06:32.070725","2023-09-24 14:06:32.070725"
"3211","a4ydyh-2023-09-26T04:56:40.705Z","22684","W&B Signature collection Wording","3208",,"2023-09-26 04:56:41.038766","2023-09-26 04:56:41.038766"
"3212","k1ajk5-2023-09-26T22:39:07.197Z","24815","Lips",,"instagram","2023-09-26 22:39:07.53398","2023-09-26 22:39:07.53398"
"3213","yof5ps-2021-03-23T23:53:37.394Z","24833","Captions",,,"2023-09-28 01:54:00.275414","2023-09-28 01:54:00.275414"
"3214","85o2g9-2023-09-28T18:44:57.590Z","24605","Microneedling Before & After ",,,"2023-09-28 18:44:58.476913","2023-09-28 18:44:58.476913"
"3217","nolf2i-2023-10-07T21:13:42.534Z","3701","Taste Of Punjab ",,,"2023-10-07 21:13:42.796547","2023-10-07 21:13:42.796547"
"3219","hbhny-2023-10-10T21:30:41.096Z","10827","The Art Of Self Image",,,"2023-10-10 21:30:41.536034","2023-10-10 21:30:41.536034"
"3220","hvcuvf-2022-09-30T16:30:05.687Z","25008","Ubrukt- Ideer",,,"2023-10-11 11:29:26.045094","2023-10-11 11:29:26.045094"
"3222","w23kdm-2023-10-14T18:05:14.893Z","12633","Daily Dose",,,"2023-10-14 18:05:16.459409","2023-10-14 18:05:16.459409"
"3223","h8noo4-2023-10-16T14:06:51.050Z","20405","TikTok Friendly",,"tiktok","2023-10-16 14:06:51.480002","2023-10-16 14:06:51.480002"
"3224","0c4vof-2023-10-16T14:21:07.710Z","20405","Insta Reels",,"instagram","2023-10-16 14:21:08.168876","2023-10-16 14:21:08.168876"
"3225","q2uv9fv-2023-10-17T02:07:18.884Z","19584","Sheep HQ",,"instagram","2023-10-17 02:07:19.108819","2023-10-17 02:07:19.108819"
"3226","swftz-2023-10-17T13:58:27.377Z","9100","Super Selene Sweater","2666",,"2023-10-17 13:58:28.276379","2023-10-17 13:58:28.276379"
"3227","4nvz38-2023-10-18T13:57:50.628Z","4746","Nail Dashes ",,,"2023-10-18 13:57:51.05633","2023-10-18 13:57:51.05633"
"3228","afrr6i-2023-10-18T20:01:48.266Z","22538","Jaxon Journey",,"instagram","2023-10-18 20:01:48.788303","2023-10-18 20:01:48.788303"
"3229","diwk79-2023-10-20T15:48:58.075Z","16910","Valuation ENQ",,,"2023-10-20 15:48:58.352827","2023-10-20 15:48:58.352827"
"3231","g12cgy-2023-10-22T03:12:18.088Z","11154","What To Say, When You Have No Words",,,"2023-10-22 03:12:18.319721","2023-10-22 03:14:51.941937"
"3232","yyvp-2023-10-22T05:49:13.254Z","24545","Cyber Crime",,"linkedin","2023-10-22 05:49:13.497955","2023-10-22 05:49:13.497955"
"3233","tk1mff-2023-10-22T07:26:33.440Z","820","Nail captions",,,"2023-10-22 07:26:33.817787","2023-10-22 07:26:33.817787"
"3234","9951fg-2023-10-22T07:26:41.720Z","820","Lash Captions",,,"2023-10-22 07:26:42.124927","2023-10-22 07:26:42.124927"
"3235","so0f9f-2023-10-22T07:26:49.684Z","820","Academy Captions",,,"2023-10-22 07:26:50.104997","2023-10-22 07:26:50.104997"
"3236","0hc1r-2023-10-22T07:27:09.627Z","820","Pedicure Captions",,,"2023-10-22 07:27:10.276493","2023-10-22 07:27:10.276493"
"3237","e30e6e-2023-10-22T07:27:20.355Z","820","General Salon Captions",,,"2023-10-22 07:27:20.737489","2023-10-22 07:27:20.737489"
"3238","eoexf-2023-10-22T07:27:30.386Z","820","Facial Captions",,,"2023-10-22 07:27:30.779781","2023-10-22 07:27:30.779781"
"3239","5lda9w-2023-10-23T18:36:44.142Z","20359","Captions ",,,"2023-10-23 18:36:44.387908","2023-10-23 18:36:44.387908"
"3340","o1yple-2024-01-12T20:33:54.849Z","6174","Dogwood",,,"2024-01-12 20:33:55.133647","2025-01-31 05:39:59.762085"
"3243","79rnja-2023-10-26T16:44:19.019Z","22985","Dhcc ",,,"2023-10-26 16:44:19.26543","2023-10-26 16:44:19.26543"
"3245","i83s9a-2023-10-26T19:49:57.312Z","20405","Blog Posts",,,"2023-10-26 19:49:57.761521","2023-10-26 19:49:57.761521"
"3246","7e0bvs-2023-10-28T09:14:47.594Z","25258","Biosculpture Hashtags",,,"2023-10-28 09:14:47.855318","2023-10-28 09:14:47.855318"
"3247","p4vk3q-2023-11-03T10:30:31.365Z","508","MAHSA",,,"2023-11-03 10:30:31.816085","2023-11-03 10:30:31.816085"
"3248","djh07x-2023-11-09T01:56:11.404Z","15571","Promociones ",,"instagram","2023-11-09 01:56:11.631386","2023-11-09 01:56:11.631386"
"3249","zbb5v9-2023-11-09T04:11:34.560Z","1460","Reel To Record",,,"2023-11-09 04:11:34.857204","2023-11-09 04:11:34.857204"
"3250","j3k4dj-2023-11-09T14:13:31.663Z","3822","Thank You ",,,"2023-11-09 14:13:31.993968","2023-11-09 14:13:31.993968"
"3251","jyh812-2023-11-09T19:06:12.895Z","11019","AB",,,"2023-11-09 19:06:13.658871","2023-11-09 19:06:13.658871"
"3252","r74jsg-2023-11-09T19:06:29.364Z","11019","Tweets","3251","twitter","2023-11-09 19:06:29.738756","2023-11-09 19:06:29.738756"
"3253","zcnl7-2023-11-09T22:01:34.886Z","11019","Posted","3252","twitter","2023-11-09 22:01:35.327905","2023-11-09 22:01:35.327905"
"3254","s2al5l-2023-11-10T21:19:20.796Z","11019","Rants","3252","twitter","2023-11-10 21:19:21.842632","2023-11-10 21:19:21.842632"
"3255","3qgsd-2023-11-11T06:16:44.363Z","11019","Long","3252","twitter","2023-11-11 06:16:45.671525","2023-11-11 06:16:45.671525"
"3256","ooxat-2023-11-11T07:11:59.378Z","11019","Examples","3252","twitter","2023-11-11 07:11:59.986696","2023-11-11 07:11:59.986696"
"3257","78fv4u-2023-11-13T04:52:15.258Z","25186","Educational",,"instagram","2023-11-13 04:52:15.51625","2023-11-13 04:52:15.51625"
"3260","82guf9-2023-11-15T18:19:55.919Z","25523","Hair",,"instagram","2023-11-15 18:19:56.470236","2023-11-15 18:19:56.470236"
"3261","l197sp-2023-11-18T08:01:37.336Z","12791","Biotin Info",,,"2023-11-18 08:01:37.614866","2023-11-18 08:01:37.614866"
"3262","kfbc5o-2023-11-19T15:44:15.050Z","19430","Dear Sis, You Can Live Free",,,"2023-11-19 15:44:15.40975","2023-11-19 15:44:15.40975"
"3263","f6jzpg-2023-11-20T21:02:51.631Z","11019","Queing ","3252","twitter","2023-11-20 21:02:51.906162","2023-11-20 21:02:51.906162"
"3265","u74m1-2021-12-27T21:24:05.395Z","25673","12/28-1/3",,,"2023-11-26 21:26:53.778694","2023-11-26 21:26:53.778694"
"3266","pxzn0c-2023-12-01T22:03:19.785Z","6154","💎JEWELS AFICIONADO💎",,,"2023-12-01 22:03:19.98461","2023-12-01 22:03:57.629091"
"3299","73cqr-2023-12-04T13:29:53.552Z","9100","Orange is the new Black","2701",,"2023-12-04 13:29:54.194566","2023-12-04 13:29:54.194566"
"3300","0awjnq-2023-12-04T21:49:16.952Z","6154","FC Threads","3266",,"2023-12-04 21:49:17.367619","2023-12-04 21:49:17.367619"
"3301","j73x8k-2023-12-05T19:11:26.380Z","1960","Extentions",,"instagram","2023-12-05 19:11:26.714323","2023-12-05 19:11:26.714323"
"3302","rpt7p5-2023-12-07T14:54:41.883Z","9627","2024",,"instagram","2023-12-07 14:54:42.188958","2023-12-07 14:54:42.188958"
"3303","7qzxvd-2023-05-08T21:10:15.617Z","25853","Ready To Go Captions To Use",,,"2023-12-09 18:04:52.122613","2023-12-09 18:04:52.122613"
"3304","3tpva9-2023-01-05T04:47:19.351Z","25853","Mama things",,,"2023-12-09 18:04:52.136915","2023-12-09 18:04:52.136915"
"3305","ptoaai-2022-10-22T14:34:17.661Z","25853","Pregnancy",,,"2023-12-09 18:04:52.146318","2023-12-09 18:04:52.146318"
"3307","cc1l09-2022-02-20T02:09:43.067Z","25853","Motivation/Dedication",,,"2023-12-09 18:04:52.16552","2023-12-09 18:04:52.16552"
"3308","lyals4-2022-02-20T02:09:27.100Z","25853","Positivity/Happiness",,,"2023-12-09 18:04:52.176963","2023-12-09 18:04:52.176963"
"3310","36qsc-2022-02-20T02:04:48.741Z","25853","About Me",,,"2023-12-09 18:04:52.199184","2023-12-09 18:04:52.199184"
"3312","pxr8ld-2022-02-20T02:02:31.906Z","25853","Info/Tips",,,"2023-12-09 18:04:52.219221","2023-12-09 18:04:52.219221"
"3313","2go6zw-2022-02-20T02:01:52.093Z","25853","Body Positivity",,,"2023-12-09 18:04:52.229942","2023-12-09 18:04:52.229942"
"3314","eoolvw-2022-02-20T01:57:39.226Z","25853","Food ",,,"2023-12-09 18:04:52.242296","2023-12-09 18:04:52.242296"
"3315","k8jhtt-2022-02-20T01:57:33.548Z","25853","Self Love/Self Care",,,"2023-12-09 18:04:52.253172","2023-12-09 18:04:52.253172"
"3316","ublue-2022-02-20T01:55:19.311Z","25853","Travel",,,"2023-12-09 18:04:52.264511","2023-12-09 18:04:52.264511"
"3317","9ipygi-2022-02-20T01:55:09.503Z","25853","Nature",,,"2023-12-09 18:04:52.273886","2023-12-09 18:04:52.273886"
"3318","q41ef-2022-02-20T01:54:57.980Z","25853","Mental Health",,,"2023-12-09 18:04:52.283972","2023-12-09 18:04:52.283972"
"3320","6sts7c-2022-02-20T01:53:30.842Z","25853","Quick Captions",,,"2023-12-09 18:04:52.302968","2023-12-09 18:04:52.302968"
"3321","zsgplxh-2022-02-20T01:51:37.361Z","25853","Fitness",,,"2023-12-09 18:04:52.312012","2023-12-09 18:04:52.312012"
"3322","ly89g-2023-12-11T08:26:27.397Z","25886","Bio",,"facebook","2023-12-11 08:26:27.942104","2023-12-11 08:26:27.942104"
"3323","c0qmhj-2022-09-29T17:50:21.419Z","25893","Ik Ben Ik",,"instagram","2023-12-11 17:59:19.317859","2023-12-11 17:59:19.317859"
"3324","nwtbok-2023-12-15T23:50:39.874Z","19430","CLC Content",,,"2023-12-15 23:50:40.236563","2023-12-15 23:50:40.236563"
"3327","quh0o-2023-12-17T09:56:32.078Z","9100","Gepard",,,"2023-12-17 09:56:32.342107","2023-12-17 09:56:32.342107"
"3328","7thuuk-2023-12-20T01:20:56.004Z","2629","Eddies Clean team",,,"2023-12-20 01:20:56.756697","2023-12-20 01:20:56.756697"
"3329","zrh1as-2023-12-20T18:25:56.349Z","25924","Her daily Proverbs",,"instagram","2023-12-20 18:25:56.611633","2023-12-20 18:25:56.611633"
"3330","fgbghf-2023-12-24T01:46:20.713Z","26015",") $;.",,,"2023-12-24 01:46:20.935832","2023-12-24 01:46:20.935832"
"3331","xrdrx-2023-12-25T14:59:19.254Z","20405","Ads",,,"2023-12-25 14:59:19.58111","2023-12-25 14:59:19.58111"
"3332","2neynd-2023-12-30T13:15:11.330Z","26136","Jan 24",,"instagram","2023-12-30 13:15:11.979909","2023-12-30 13:15:11.979909"
"3333","i0whak-2023-12-30T18:57:43.178Z","25853","Holiday Season posts",,,"2023-12-30 18:57:43.532275","2023-12-30 18:57:43.532275"
"3334","bylb4h-2023-12-30T19:05:41.198Z","19584","Occupy The Time",,"tiktok","2023-12-30 19:05:41.734945","2023-12-30 19:05:41.734945"
"3335","nx0zge-2024-01-01T21:12:20.679Z","26139","Faceless ",,,"2024-01-01 21:12:20.971378","2024-01-01 21:12:20.971378"
"3336","ho8m8-2024-01-01T21:12:26.828Z","26139","Naancy ",,,"2024-01-01 21:12:27.121569","2024-01-01 21:12:27.121569"
"3337","f8ily-2024-01-02T16:36:04.277Z","23","Super Tour ‘24",,,"2024-01-02 16:36:04.499118","2024-01-02 16:36:04.499118"
"3338","ulb2y7-2024-01-03T00:06:12.104Z","26195"," Valentines",,,"2024-01-03 00:06:12.365231","2024-01-03 00:06:12.365231"
"3339","pxx4gf-2024-01-07T15:50:30.575Z","25853","First Of The Month quotes",,,"2024-01-07 15:50:31.016578","2024-01-07 15:50:31.016578"
"3341","jibfy5-2024-01-13T02:16:26.859Z","26363","Semaine 1",,,"2024-01-13 02:16:27.180195","2024-01-13 02:16:27.180195"
"3342","fdk0u-2024-01-14T15:05:20.900Z","10904","TEMP",,"instagram","2024-01-14 15:05:21.56282","2024-01-14 15:05:21.56282"
"3344","zfpn76-2024-01-15T03:34:49.457Z","25853","Hippie ✌🏼",,,"2024-01-15 03:34:49.953114","2024-01-15 03:34:49.953114"
"3345","xwgggg-2024-01-15T03:36:35.697Z","25853","Confidence",,,"2024-01-15 03:36:35.997256","2024-01-15 03:36:35.997256"
"3346","7rb6zc-2024-01-16T04:34:46.993Z","26407","Dog Tiktok",,"tiktok","2024-01-16 04:34:47.355864","2024-01-16 04:34:47.355864"
"3326","o795t8-2023-12-16T19:43:07.768Z","17785","Dating Apps",,,"2023-12-16 19:43:08.190367","2024-05-10 12:37:09.192606"
"3626","75b365-2024-09-04T02:28:24.884Z","28825","MakeUp",,,"2024-09-04 02:28:25.275001","2024-09-04 02:28:25.275001"
"3627","big7fk-2024-09-04T02:28:38.085Z","28825","T1D",,,"2024-09-04 02:28:38.433772","2024-09-04 02:28:38.433772"
"3348","luh6e-2024-01-20T09:29:46.848Z","11019","Competitors ",,,"2024-01-20 09:29:47.14104","2024-01-20 09:29:47.14104"
"3349","xe4g8-2024-01-23T23:13:30.029Z","26139","Calls To Action",,,"2024-01-23 23:13:30.443044","2024-01-23 23:13:30.443044"
"3350","uefkyl-2024-01-23T23:13:36.892Z","26139","Hooks ",,,"2024-01-23 23:13:37.373341","2024-01-23 23:13:37.373341"
"3352","0rbb79-2024-01-25T18:56:36.200Z","26139","Heyitsnancy",,,"2024-01-25 18:56:36.486761","2024-01-25 18:56:36.486761"
"3353","hsctcp-2024-01-30T11:25:17.979Z","9100","Isager",,,"2024-01-30 11:25:18.5265","2024-01-30 11:25:18.5265"
"3355","26xe5-2024-02-01T07:40:39.515Z","11019","Personal Brand","2514",,"2024-02-01 07:40:39.776395","2024-02-01 07:40:39.776395"
"3356","tr8gk-2024-02-04T18:01:18.162Z","26139","Amazon ",,,"2024-02-04 18:01:18.493862","2024-02-04 18:01:18.493862"
"3357","h6r8ob-2024-02-05T03:20:19.191Z","557","carm4parm",,"twitter","2024-02-05 03:20:19.573311","2024-02-05 03:20:19.573311"
"3358","ro0cvi-2024-02-05T15:48:32.259Z","11019","Posted","3355",,"2024-02-05 15:48:32.585605","2024-02-05 15:48:32.585605"
"3359","dk3uji-2024-02-06T17:02:23.960Z","5611","Bios",,,"2024-02-06 17:02:24.248112","2024-02-06 17:02:24.248112"
"3360","rxudhj-2023-11-16T16:22:27.833Z","26745","Insta",,,"2024-02-08 13:54:05.74423","2024-02-08 13:54:05.74423"
"3361","settuj-2024-02-12T14:40:58.625Z","19584","Occupy The Time",,"instagram","2024-02-12 14:40:58.892627","2024-02-12 14:40:58.892627"
"3362","fj0oe4-2024-02-12T15:48:57.198Z","19584","Blog Ideas",,"facebook","2024-02-12 15:48:57.543192","2024-02-12 15:48:57.543192"
"3363","abamzi-2024-02-13T14:50:12.416Z","9100","Aensioknit",,,"2024-02-13 14:50:13.039485","2024-02-13 14:50:13.039485"
"3364","oiq8v-2024-02-16T20:57:46.469Z","10290","YouTube",,"youtube","2024-02-16 20:57:46.859172","2024-02-16 20:57:46.859172"
"3366","ltp61-2024-02-18T19:38:08.695Z","6807","ABC COMMUNITY",,,"2024-02-18 19:38:09.489078","2024-02-18 19:38:09.489078"
"3398","pr1rf-2024-02-19T14:33:24.827Z","16910","VALUATION EMAIL",,,"2024-02-19 14:33:25.293286","2024-02-19 14:33:25.293286"
"3399","jw0usu-2024-02-20T10:33:16.029Z","11019","Ready","3355",,"2024-02-20 10:33:16.294747","2024-02-20 10:33:16.294747"
"3400","u2bvz-2024-02-20T15:16:36.947Z","26121","Load And Geaux ",,,"2024-02-20 15:16:37.180664","2024-02-20 15:16:37.180664"
"3401","ffa8lg-2024-02-20T15:17:04.785Z","11019","In Progress","3355",,"2024-02-20 15:17:05.432944","2024-02-20 15:17:05.432944"
"3402","21pqp-2024-02-21T22:23:03.421Z","7834","Quotes",,,"2024-02-21 22:23:03.879999","2024-02-21 22:23:03.879999"
"3403","qw7bb5-2024-02-22T00:19:05.317Z","12470","Sober Hannah",,,"2024-02-22 00:19:05.745974","2024-02-22 00:19:05.745974"
"3404","1h1bx-2024-02-23T00:54:31.137Z","25853","Short / Funny / Random",,,"2024-02-23 00:54:31.422004","2024-02-23 00:54:31.422004"
"3405","b251td-2024-02-23T08:04:02.106Z","11019","Short Snappy","3355","facebook","2024-02-23 08:04:02.36929","2024-02-23 08:04:02.36929"
"3406","wj9qtw-2024-02-23T08:23:11.836Z","11019","Posted","3405","facebook","2024-02-23 08:23:12.484407","2024-02-23 08:23:12.484407"
"3407","aa9tfq-2024-02-23T14:52:02.696Z","11019","FB GROUP","2514","facebook","2024-02-23 14:52:02.980367","2024-02-23 14:52:02.980367"
"3408","xuakfr-2024-02-23T15:05:43.877Z","13986","Matas",,,"2024-02-23 15:05:44.260106","2024-02-23 15:05:44.260106"
"3409","wdtqa-2024-02-23T15:05:48.777Z","13986","FanGRL",,,"2024-02-23 15:05:49.140699","2024-02-23 15:05:49.140699"
"3410","r9afyb-2024-02-26T11:54:32.621Z","9100","Virginia","3353",,"2024-02-26 11:54:33.728811","2024-02-26 11:54:33.728811"
"3411","06wrqw-2024-02-28T16:06:16.577Z","19584","Occupythetime",,"threads","2024-02-28 16:06:16.81298","2024-02-28 16:06:16.81298"
"3412","n3oi7-2024-03-02T07:16:50.106Z","9100","Petiteknit",,,"2024-03-02 07:16:50.407579","2024-03-02 07:16:50.407579"
"3413","ktvn5f-2024-03-02T10:12:08.831Z","508","Avisena Women's",,,"2024-03-02 10:12:09.185405","2024-03-02 10:12:09.185405"
"3414","w5h3xf-2024-03-05T03:55:06.994Z","25853","Mondays",,,"2024-03-05 03:55:07.330958","2024-03-05 03:55:07.330958"
"3415","3pku4c-2024-03-05T03:57:52.836Z","25853","Sundays 🤍",,,"2024-03-05 03:57:53.135653","2024-03-05 03:57:53.135653"
"3416","4xa9g5-2024-03-05T03:58:27.333Z","25853","Fridays",,,"2024-03-05 03:58:27.648314","2024-03-05 03:58:27.648314"
"3417","vpzoqs-2024-03-05T03:59:18.355Z","25853","Wednesdays",,,"2024-03-05 03:59:18.681307","2024-03-05 03:59:18.681307"
"3418","f4qbnq-2024-03-06T11:41:10.370Z","23728","Kenya","3079","instagram","2024-03-06 11:41:10.603987","2024-03-06 11:41:10.603987"
"3419","ph4uac-2024-03-06T11:41:16.829Z","23728","Senegambia","3079","instagram","2024-03-06 11:41:17.067482","2024-03-06 11:41:17.067482"
"3420","lnc2g-2024-03-06T11:41:21.185Z","23728","Rwanda","3079","instagram","2024-03-06 11:41:21.405703","2024-03-06 11:41:21.405703"
"3421","8r5owc-2024-03-06T11:41:42.250Z","23728","Opression’s Root","3079","instagram","2024-03-06 11:41:42.481679","2024-03-06 11:41:42.481679"
"3422","x65kg6-2024-03-06T11:41:53.128Z","23728","Africa Generally","3079","instagram","2024-03-06 11:41:53.356832","2024-03-06 11:41:53.356832"
"3423","lzbze9-2024-03-06T11:50:47.622Z","23728","Introductions","3079","instagram","2024-03-06 11:50:47.839842","2024-03-06 11:50:47.839842"
"3424","rn7vf-2024-03-06T12:46:34.148Z","23728","Endometriosis","3078","instagram","2024-03-06 12:46:34.437317","2024-03-06 12:46:34.437317"
"3425","i2uv3-2024-03-06T12:46:49.111Z","23728","Longterm Updates","3078","instagram","2024-03-06 12:46:49.324792","2024-03-06 12:46:49.324792"
"3426","6ipga-2024-03-06T12:47:01.636Z","23728","Disability","3078","instagram","2024-03-06 12:47:01.855619","2024-03-06 12:47:01.855619"
"3427","9p6aln-2024-03-06T12:48:23.693Z","23728","Pregnancy","3078","instagram","2024-03-06 12:48:23.943597","2024-03-06 12:48:23.943597"
"3428","d0n0cp-2024-03-06T12:50:04.762Z","23728","Liberation","3078","instagram","2024-03-06 12:50:04.986339","2024-03-06 12:50:04.986339"
"3429","5pc7x-2024-03-06T12:50:29.112Z","23728","Community Building","3078","instagram","2024-03-06 12:50:29.305872","2024-03-06 12:50:29.305872"
"3430","8qlhih-2024-03-06T15:54:55.094Z","6763","AestheticSocial",,,"2024-03-06 15:54:55.33983","2024-03-06 15:54:55.33983"
"3432","cevsxo-2024-03-06T20:13:15.979Z","16910","Happy Birthday - Client",,,"2024-03-06 20:13:16.255366","2024-03-06 20:13:16.255366"
"3434","utzn8-2024-03-07T00:10:13.316Z","23728","Fibromyalgia","3078","instagram","2024-03-07 00:10:13.632195","2024-03-07 00:10:13.632195"
"3435","5ksp0j-2024-03-08T09:35:12.172Z","11019","Ideas","3355",,"2024-03-08 09:35:12.422831","2024-03-08 09:35:12.422831"
"3436","5dfyx3-2024-03-08T12:16:07.902Z","23728","Female excision","3079","instagram","2024-03-08 12:16:08.167208","2024-03-08 12:16:08.167208"
"3437","0tdwja-2024-03-14T15:41:13.488Z","26310","Completed",,,"2024-03-14 15:41:13.819743","2024-03-14 15:41:13.819743"
"3438","ahbb9h-2024-03-15T06:45:52.138Z","9100","Kuno’s Cushion","2666",,"2024-03-15 06:45:52.707921","2024-03-15 06:45:52.707921"
"3439","0s717i-2024-03-15T12:02:55.493Z","7480","The Daily",,,"2024-03-15 12:02:55.719065","2024-03-15 12:02:55.719065"
"3440","gj392-2024-03-18T10:33:09.272Z","23728","COVID Safe Colorado",,,"2024-03-18 10:33:09.765218","2024-03-18 10:33:09.765218"
"3441","2uq50p-2024-04-02T12:59:14.712Z","23","VRG",,,"2024-04-02 12:59:14.921604","2024-04-02 12:59:14.921604"
"3442","77ixm-2024-04-06T10:40:39.264Z","6763","Travel Posts",,,"2024-04-06 10:40:39.700541","2024-04-06 10:40:39.700541"
"3443","qxnih-2024-04-06T14:16:09.306Z","27221","Reels",,"instagram","2024-04-06 14:16:09.648428","2024-04-06 14:16:09.648428"
"3444","9ir3o-2024-04-17T13:41:21.817Z","12791","Brand Core Values ",,,"2024-04-17 13:41:22.071964","2024-04-17 13:41:22.071964"
"3445","jhdcml-2024-04-17T21:57:48.801Z","13118","inspiration ",,,"2024-04-17 21:57:49.219961","2024-04-17 21:57:49.219961"
"3446","oehqmb-2024-04-19T14:54:34.206Z","10290","Ducks",,,"2024-04-19 14:54:34.579962","2024-04-19 14:54:34.579962"
"3447","acqmbp-2024-04-22T18:59:07.256Z","27221","Daily post",,,"2024-04-22 18:59:07.630861","2024-04-22 18:59:07.630861"
"3448","1ttzu-2024-04-23T18:00:59.229Z","23773","SBA",,,"2024-04-23 18:00:59.943642","2024-04-23 18:00:59.943642"
"3449","inj2zs-2024-04-23T18:01:30.399Z","23773","TikiBreeze",,,"2024-04-23 18:01:30.702717","2024-04-23 18:01:30.702717"
"3450","dob6b-2024-04-23T18:21:56.119Z","23773","Collabs","3449",,"2024-04-23 18:21:56.404483","2024-04-23 18:21:56.404483"
"3451","m3ymwg-2024-04-25T15:46:51.259Z","25552","Hormonal Hairloss",,,"2024-04-25 15:46:51.895642","2024-04-25 15:46:51.895642"
"3452","o7buo-2024-04-25T15:47:09.789Z","25552","About Me",,,"2024-04-25 15:47:10.067146","2024-04-25 15:47:10.067146"
"3453","l7waw-2024-04-25T15:47:29.486Z","25552","Tools",,,"2024-04-25 15:47:29.905584","2024-04-25 15:47:29.905584"
"3454","h039gq-2024-04-25T15:47:47.995Z","25552","Cancer",,,"2024-04-25 15:47:48.286842","2024-04-25 15:47:48.286842"
"3455","xc0c2-2024-04-25T15:48:23.009Z","25552","Lifestyle",,,"2024-04-25 15:48:23.326819","2024-04-25 15:48:23.326819"
"3456","4pv28a-2024-04-25T15:49:08.315Z","25552","Services",,,"2024-04-25 15:49:08.606718","2024-04-25 15:49:08.606718"
"3457","uxo7y-2024-04-25T15:49:34.408Z","25552","Treatments",,,"2024-04-25 15:49:34.691786","2024-04-25 15:49:34.691786"
"3458","5oxrg-2024-04-25T15:52:46.368Z","25552","Foods",,,"2024-04-25 15:52:46.657926","2024-04-25 15:52:46.657926"
"3459","ryo52s-2024-04-25T15:54:21.076Z","25552","Medical",,,"2024-04-25 15:54:21.372121","2024-04-25 15:54:21.372121"
"3460","d7gzrj-2024-04-25T15:56:52.967Z","25552","TE",,,"2024-04-25 15:56:53.285512","2024-04-25 15:56:53.285512"
"3461","pkh1kf-2024-04-25T15:57:40.861Z","25552","Motivational",,,"2024-04-25 15:57:45.634857","2024-04-25 15:57:45.634857"
"3462","sije57-2024-04-28T07:22:41.048Z","27888","#s and SEO",,,"2024-04-28 07:22:41.563464","2024-04-28 07:22:41.563464"
"3463","38nkqk-2024-05-01T20:33:45.891Z","5565","Reels",,"instagram","2024-05-01 20:33:46.26045","2024-05-01 20:33:46.26045"
"3465","bs0bh-2024-05-03T13:22:26.759Z","25552","Educational",,,"2024-05-03 13:22:27.003964","2024-05-03 13:22:27.003964"
"3466","kxexzq-2024-05-03T15:16:15.760Z","3546","roam and rest",,"instagram","2024-05-03 15:16:16.160713","2024-05-03 15:16:16.160713"
"3611","z1xmvq-2024-08-08T01:55:22.770Z","7270","Assistant",,,"2024-08-08 01:55:23.19046","2024-08-08 01:55:23.19046"
"3500","qw5pv1-2024-05-08T22:42:21.769Z","12791","Curve Fit Brow Brush",,,"2024-05-08 22:42:22.008367","2024-05-08 22:42:22.008367"
"3501","2z9bj8-2024-05-10T11:54:29.700Z","9100","Madeshortersommertop","3363",,"2024-05-10 11:54:30.000147","2024-05-10 12:03:34.700376"
"3622","nvamk-2024-08-27T14:44:10.853Z","11521","Estudios Biblicos",,,"2024-08-27 14:44:11.755848","2025-04-15 15:10:25.063008"
"3503","ypafr-2024-05-10T12:38:32.396Z","17785","Prompts/Templates",,,"2024-05-10 12:38:32.762809","2024-05-10 12:38:32.762809"
"3504","24z41l-2024-05-12T02:22:27.403Z","27221","Midira Project",,"instagram","2024-05-12 02:22:27.671296","2024-05-12 02:22:27.671296"
"3505","ppfvnp-2024-05-13T04:42:31.778Z","28107","LFM",,"instagram","2024-05-13 04:42:32.236101","2024-05-13 04:42:32.236101"
"3506","0gpuy-2024-05-14T01:10:29.114Z","19784","PSPR",,,"2024-05-14 01:10:29.414898","2024-05-14 01:10:29.414898"
"3507","e0idn-2024-05-15T20:01:10.249Z","2637","Rumors",,"instagram","2024-05-15 20:01:10.531673","2024-05-15 20:01:10.531673"
"3508","z14wmq-2024-05-15T20:06:07.831Z","2637","Sofrito",,,"2024-05-15 20:06:08.513032","2024-05-15 20:06:22.298"
"3509","5p73mg-2024-05-16T04:16:43.741Z","28133","Body Lotions",,,"2024-05-16 04:16:44.021884","2024-05-16 04:16:44.021884"
"3510","ak07wu-2024-05-16T04:18:38.965Z","28133","Whipped Soap",,,"2024-05-16 04:18:39.236931","2024-05-16 04:18:39.236931"
"3511","544l1-2024-05-16T05:24:53.232Z","28133","Bath Dust",,,"2024-05-16 05:24:53.487307","2024-05-16 05:24:53.487307"
"3512","fjenop-2024-05-18T03:45:05.382Z","28133","Sugar Scrubs",,,"2024-05-18 03:45:05.655441","2024-05-18 03:45:05.655441"
"3513","6ev2tr-2024-05-18T08:59:56.410Z","13804","Cruiseshipsofmelbourne",,,"2024-05-18 08:59:57.212838","2024-05-18 08:59:57.212838"
"3546","ojh2kd-2024-05-20T01:51:15.366Z","28133","Steamers",,,"2024-05-20 01:51:15.648729","2024-05-20 01:51:15.648729"
"3547","gx3i54-2024-05-21T03:36:36.735Z","10419","Bipolar",,,"2024-05-21 03:36:37.015562","2024-05-21 03:36:37.015562"
"3548","9gihx-2024-05-22T14:29:05.645Z","28228","T",,,"2024-05-22 14:29:05.868948","2024-05-22 14:29:05.868948"
"3549","j7xzu-2024-05-23T01:19:44.083Z","28133","Meet The Makers ",,,"2024-05-23 01:19:44.384764","2024-05-23 01:19:44.384764"
"3550","nxxt7r-2024-05-29T01:51:30.750Z","28133","Bubble Baths",,,"2024-05-29 01:51:31.060178","2024-05-29 01:51:31.060178"
"3551","scn6w-2024-05-31T09:14:08.968Z","14203","Airbrush Brows","1386",,"2024-05-31 09:14:09.350485","2024-05-31 09:14:09.350485"
"3553","aw0noh-2024-06-02T05:48:52.609Z","28133","Sugar Lips",,,"2024-06-02 05:48:53.112466","2024-06-02 05:48:53.112466"
"3554","mzccv-2024-06-05T13:03:17.114Z","7480","Philly Gs",,,"2024-06-05 13:03:17.379055","2024-06-05 13:03:17.379055"
"3555","hcu3cn-2024-06-05T13:03:48.183Z","7480","CFW",,,"2024-06-05 13:03:48.461596","2024-06-05 13:03:48.461596"
"3556","ee7tuzf-2024-06-08T06:35:12.529Z","13804","A Healthy Coeliac",,,"2024-06-08 06:35:12.822595","2024-06-08 06:35:12.822595"
"3557","zuvtlj-2024-06-08T19:15:25.975Z","27670","Motherhood",,,"2024-06-08 19:15:26.278158","2024-06-08 19:15:26.278158"
"3558","lhjbtd-2024-06-12T14:15:19.761Z","10290","Ideas 4 Posts",,,"2024-06-12 14:15:20.323817","2024-06-12 14:15:20.323817"
"3559","ryzh1b-2024-06-13T03:33:54.170Z","27221","SellingWithConfidence",,"instagram","2024-06-13 03:33:54.49377","2024-06-13 03:33:54.49377"
"3560","8b7mlg-2024-06-20T03:16:23.884Z","28557","Stuff",,"facebook","2024-06-20 03:16:24.122725","2024-06-20 03:16:24.122725"
"3561","zkxsi2-2024-06-20T15:45:35.697Z","22055","Fashion",,,"2024-06-20 15:45:36.194282","2024-06-20 15:45:36.194282"
"3562","f9g9a-2024-07-01T22:37:51.275Z","19784","Lose Tighten Tone",,"instagram","2024-07-01 22:37:51.797429","2024-07-02 14:19:02.860858"
"3563","ob4k6s-2024-07-04T05:59:52.775Z","27221","OKLA Clothing ",,"instagram","2024-07-04 05:59:53.040771","2024-07-04 05:59:53.040771"
"3564","96w3nb-2024-07-08T23:44:55.249Z","1537","July Break",,,"2024-07-08 23:44:55.538544","2024-07-08 23:44:55.538544"
"3565","u0qsmq-2024-07-08T23:45:53.675Z","1537","Organizing",,,"2024-07-08 23:45:53.966491","2024-07-08 23:45:53.966491"
"3566","f51eev-2024-07-11T12:02:00.256Z","12791","Policies",,,"2024-07-11 12:02:00.50793","2024-07-11 12:02:00.50793"
"3567","15rbp7-2024-07-15T21:51:32.376Z","28133","Lip Butters",,,"2024-07-15 21:51:32.64479","2024-07-15 21:51:32.64479"
"3568","tl5r1-2024-07-17T19:47:35.208Z","26139","Grief ",,,"2024-07-17 19:47:35.659399","2024-07-17 19:47:35.659399"
"3570","13c4tm-2024-07-29T01:36:55.154Z","28133","Body Oil Rollers",,,"2024-07-29 01:36:55.570806","2024-07-29 01:36:55.570806"
"3571","yqm66k-2024-07-30T06:25:40.777Z","557","yukonji",,"twitter","2024-07-30 06:25:41.214179","2024-07-30 06:25:41.214179"
"3572","bcvdd-2024-08-04T14:09:44.014Z","28919","Tik Tok #",,"tiktok","2024-08-04 14:09:44.233375","2024-08-04 14:09:44.233375"
"3605","7lovv-2024-08-06T21:04:55.526Z","13550","Authority",,,"2024-08-06 21:04:55.960785","2024-08-06 21:04:55.960785"
"3607","g06ss-2024-08-08T01:51:45.160Z","7270","Personal",,"facebook","2024-08-08 01:51:45.58854","2024-08-08 01:51:45.58854"
"3608","cey88u-2024-08-08T01:52:28.017Z","7270","Holistic Group",,"facebook","2024-08-08 01:52:28.447955","2024-08-08 01:52:28.447955"
"3609","cn2z7-2024-08-08T01:52:41.552Z","7270","Reels",,"instagram","2024-08-08 01:52:41.980932","2024-08-08 01:52:41.980932"
"3610","bka3v-2024-08-08T01:52:55.841Z","7270","50+ Group",,"facebook","2024-08-08 01:52:56.261335","2024-08-08 01:52:56.261335"
"3612","grqqbw-2024-08-08T01:56:00.770Z","7270","Alovea",,,"2024-08-08 01:56:01.19846","2024-08-08 01:56:01.19846"
"3613","ahllhd-2024-08-08T03:59:10.103Z","7270","In Progress",,,"2024-08-08 03:59:10.561935","2024-08-08 03:59:10.561935"
"3614","fdmlkf-2024-08-08T04:03:57.500Z","7270","The Model",,,"2024-08-08 04:03:57.951002","2024-08-08 04:03:57.951002"
"3615","x2yrlp-2024-08-09T12:08:02.840Z","29044","Western Wisco",,,"2024-08-09 12:08:03.05643","2024-08-09 12:08:03.05643"
"3616","4v2an-2024-08-12T22:43:44.958Z","3701","Raj Of India ",,,"2024-08-12 22:43:46.009946","2024-08-12 22:43:46.009946"
"3617","16gz9c-2024-08-15T16:17:05.455Z","28659","Weekly post",,,"2024-08-15 16:17:05.854856","2024-08-15 16:17:05.854856"
"3619","zsnuf6-2024-08-19T15:46:28.435Z","11521","Captions",,,"2024-08-19 15:46:28.910779","2024-08-19 15:46:28.910779"
"3620","3frprl-2024-08-26T08:36:09.354Z","23805","Coaching ",,,"2024-08-26 08:36:09.791066","2024-08-26 08:36:09.791066"
"3621","bp2pkk-2024-08-27T13:54:43.318Z","11521","Tips",,,"2024-08-27 13:54:43.710709","2024-08-27 13:54:43.710709"
"3623","azrrk8-2024-08-31T16:48:46.014Z","2124","Crafty Celebrations",,"instagram","2024-08-31 16:48:46.364559","2024-08-31 16:48:46.364559"
"3624","wcnkn-2024-09-04T02:27:50.160Z","28825","MORTGAGE",,,"2024-09-04 02:27:50.562243","2024-09-04 02:27:50.562243"
"3628","m5rtgn-2024-09-04T02:28:55.784Z","28825","LIFE",,,"2024-09-04 02:28:56.166166","2024-09-04 02:28:56.166166"
"3629","s9jdx7-2024-09-05T13:15:52.743Z","29111","Published  Captions",,"instagram","2024-09-05 13:15:53.22211","2024-09-05 13:15:53.22211"
"3618","991p3-2024-08-17T13:34:33.280Z","29111","LinkedIn Captions",,,"2024-08-17 13:34:33.773846","2024-09-05 14:41:50.050039"
"3631","hcag79-2024-09-07T18:57:37.252Z","29044","Flowerbuds",,,"2024-09-07 18:57:37.656456","2024-09-07 18:57:37.656456"
"3632","atb66-2024-09-18T12:40:07.011Z","29111","Manychats",,,"2024-09-18 12:40:07.312162","2024-09-18 12:40:07.312162"
"3633","ibt8ar-2024-09-18T12:42:26.101Z","28825","Amare",,,"2024-09-18 12:42:26.46847","2024-09-18 12:42:26.46847"
"3635","iw3gjs-2024-09-20T14:28:05.329Z","19584","VH",,"instagram","2024-09-20 14:28:05.673935","2024-09-20 14:28:05.673935"
"3636","p9a25r-2024-09-23T12:23:58.465Z","282","Bronco Raptor",,"instagram","2024-09-23 12:23:58.822058","2024-09-23 12:24:19.268017"
"3637","h8eqwm-2024-09-24T20:43:31.652Z","28825","RIMAN",,,"2024-09-24 20:43:31.90464","2024-09-24 20:43:31.90464"
"3640","30mbxk-2024-09-26T18:20:46.371Z","557","reddit posts",,"reddit","2024-09-26 18:20:46.681236","2024-09-26 18:20:46.681236"
"3641","aq403-2024-09-28T02:50:15.211Z","19584","UTTS",,"instagram","2024-09-28 02:50:15.458134","2024-09-28 02:50:15.458134"
"3642","w7x3db-2024-10-01T03:55:59.792Z","508","ALTY ",,,"2024-10-01 03:56:00.244355","2024-10-01 03:56:00.244355"
"3643","mc4h4o-2024-10-18T01:46:32.082Z","7815","Thrillers, Etc",,,"2024-10-18 01:46:32.482977","2024-10-18 01:46:32.482977"
"3644","6rp8r-2024-10-18T01:47:11.810Z","7815","Bill Writing",,,"2024-10-18 01:47:12.173507","2024-10-18 01:47:12.173507"
"3645","8bcf8-2024-10-18T01:47:34.443Z","7815","RE",,,"2024-10-18 01:47:34.794667","2024-10-18 01:47:34.794667"
"3646","wnyhx-2024-10-18T02:15:09.278Z","7815","Dogs",,,"2024-10-18 02:15:09.629504","2024-10-18 02:15:09.629504"
"3680","dd67pj-2024-11-03T04:56:51.881Z","28825","HAIR",,,"2024-11-03 04:56:52.131384","2024-11-03 04:56:52.131384"
"3679","s5wq0yg-2024-10-31T17:46:45.162Z","19584","Occupy The Time__",,"instagram","2024-10-31 17:46:45.456347","2024-11-03 19:21:37.498234"
"3681","ky5o8s-2024-11-07T02:28:25.702Z","29611","Post",,"instagram","2024-11-07 02:28:26.141249","2024-11-07 02:28:26.141249"
"3683","xye06o-2024-11-13T05:31:19.839Z","28825","MRTG START",,,"2024-11-13 05:31:20.11271","2024-11-13 05:31:20.11271"
"3684","0vt8rn-2024-11-15T15:33:38.636Z","22055","Gratitudr",,,"2024-11-15 15:33:39.006198","2024-11-15 15:33:39.006198"
"3685","6by11l-2024-11-17T12:08:22.827Z","26626","Caption Writer 2",,"instagram","2024-11-17 12:08:23.159923","2024-11-17 12:08:23.159923"
"3686","p21oc-2024-11-30T07:21:55.824Z","557","7ittleleaf",,"threads","2024-11-30 07:21:56.296659","2024-11-30 07:21:56.296659"
"3687","l426kg-2024-12-11T16:07:31.001Z","11677","Stage ",,"instagram","2024-12-11 16:07:31.299843","2024-12-11 16:07:31.299843"
"3638","g7s208-2024-09-25T23:32:57.561Z","11521","Ig Channel",,,"2024-09-25 23:32:57.970101","2025-05-06 14:39:43.083017"
"3639","u30pnv-2024-09-26T01:24:38.360Z","557","yukonji.exe - threads",,"threads","2024-09-26 01:24:38.675635","2025-11-10 19:32:55.292366"
